indice,2001,2002,2003,2004,2005,2006,2007,2008,2009,2010,2011,2012,2013,2014,2015,2016,2017,2018,2019,2020,2021,2022,2023,franja
1,308133,290444,316399,294835,338653,335923,271425,284950,297199,304610,330689,349928,384262,369837,360424,359341,336325,328778,310946,270572,276001,244376,240383,100
2,244429,282368,299952,231079,242283,246075,201520,210585,227213,233060,244875,254077,267525,263879,269745,270013,248893,233521,210956,194006,200752,186871,183528,300
3,236520,236189,227675,205049,218790,216922,178091,180400,198954,203549,204015,216329,227742,230155,235644,242355,226109,210252,180277,170422,164307,155482,153284,500
4,214001,208714,221233,207106,221556,220535,185531,184288,200068,206959,199341,207509,219984,217609,228211,242164,208225,192375,172495,164014,157221,149360,143610,700
5,208735,199220,196705,182838,199391,194035,159865,156527,177922,193215,180983,183304,204015,202091,214043,214446,191359,186405,164155,164394,146657,139655,134841,900
6,208769,199717,189430,183829,192759,191057,158159,155345,172578,175903,168099,173915,185092,182606,184812,188223,165605,165252,158403,156012,142014,134279,124162,1100
7,180407,179349,185644,176687,183935,177762,163100,153650,168438,163437,160497,166093,173066,171276,173156,177524,156510,151966,140806,145871,132031,130587,124488,1300
8,171522,169485,170292,162187,172761,171351,155609,154141,167504,161086,166452,167867,171427,174140,173249,173245,157282,147826,138081,149294,129395,122041,116781,1500
9,158235,157144,155232,154795,161347,156085,142846,138998,153915,148197,154389,157418,159981,163995,159677,162498,152666,144570,136466,148476,134502,118030,111701,1700
10,152688,152989,151586,147182,159972,155303,136840,132544,144634,142214,141086,146677,150961,157007,151617,148527,141215,134969,126977,138285,124902,116177,110124,1900
11,150343,149775,150206,144203,152892,146289,132540,131599,142201,136156,135835,137649,139207,144266,140107,140332,136311,129823,121147,133046,124581,110827,104209,2100
12,142989,142655,141224,141405,151730,146434,133634,131049,143436,142873,142706,135645,139553,146481,139689,140946,133825,126255,117265,128014,120065,107977,99471,2300
13,136171,137252,141687,133583,143738,138435,126327,124228,132870,129612,129676,127866,130643,139609,133830,133295,137548,130025,121413,127864,120533,106894,100714,2500
14,130558,132502,131946,131624,143697,134668,125172,123178,130033,127220,126058,124294,124135,130297,124720,126129,123714,122012,113224,128966,121032,104329,97049,2700
15,125885,131680,128211,151445,163591,169495,151222,145569,141257,123432,122373,119099,120675,125285,123085,120800,122818,115571,108993,127544,111601,99798,95486,2900
16,127106,128896,130281,124008,134213,129828,119049,119637,126345,123683,122060,120412,121974,127353,123104,122847,123192,117363,113492,128620,108243,99066,95833,3100
17,120714,122162,121175,122456,128933,125362,115973,114073,122013,120811,120764,115909,115731,121626,116892,117320,117293,114582,109906,127973,109738,95532,88917,3300
18,115453,118627,116663,116190,127715,120188,111335,114690,118649,116755,117399,111394,112018,115920,114519,114787,115014,116196,105690,124647,107909,98165,90830,3500
19,119047,120510,119459,117650,126156,123959,112308,113328,118862,116149,116085,112277,113281,117343,116868,114834,115228,111761,106525,122473,104601,97345,92999,3700
20,113459,115861,114348,113694,121689,117111,111147,109068,113221,111883,111765,107527,108095,112124,114414,111256,110906,108436,103315,120832,101961,92953,90267,3900
21,111621,113878,113262,110379,119883,116955,109474,108922,112069,110674,110281,105798,105891,109331,108589,108733,110528,107166,101965,117663,101492,91646,88176,4100
22,115021,116375,114925,113000,119404,115730,109030,111707,113255,109775,110354,104504,105096,107787,107123,108302,108585,106722,102177,116720,100734,90797,86523,4300
23,116716,117381,112897,111850,118931,114327,108446,107742,108546,111730,110472,105670,104574,109945,110700,114735,108871,105923,99594,116697,100452,90310,86591,4500
24,112075,115020,115232,109918,116462,113426,106244,105868,105483,105564,103017,99208,98015,102742,104024,108062,105015,102190,97960,112033,97248,88536,84126,4700
25,113504,115596,113055,113163,117650,112315,110105,109340,106245,104438,104593,99942,98725,105093,106439,106662,111730,103446,97778,112848,97064,88406,83604,4900
26,113288,113737,113218,110898,118823,112945,107975,106603,106411,103429,103033,97773,96992,101632,102472,103760,106209,105726,96224,109787,95835,86515,83037,5100
27,113611,114211,111628,111165,118743,112621,106619,107412,105473,102604,103051,96046,94783,98475,99207,100994,104334,101799,95524,108334,94441,85856,80374,5300
28,116017,118178,116058,112680,118504,114234,109600,106456,104902,101213,101659,95894,95289,99349,99978,100998,104128,100911,94673,108094,94427,85277,79532,5500
29,113098,114782,116078,112341,117803,115094,109197,106649,102816,100127,99678,95475,94140,97870,98974,100867,105307,100957,93071,107407,92553,83932,79399,5700
30,112576,112828,112433,111602,116602,112427,110355,106409,101678,98411,97878,94545,94715,98866,98510,99580,104615,98648,93051,106350,91650,82681,77915,5900
31,129422,128015,115881,115033,122476,115996,112279,111323,105937,101838,101841,98028,99016,108618,108643,110736,109203,104914,98065,109545,95437,85658,82105,6100
32,116424,117531,124842,111703,118388,116190,109482,109187,103752,100442,97656,92980,91212,93942,96313,98420,102060,100025,105667,105268,92266,82149,78403,6300
33,117875,117705,114608,113702,117527,115992,111534,106884,105063,98971,97182,93723,91493,94918,97762,99600,102888,101906,102998,104983,92136,82127,77593,6500
34,117316,118760,117854,122043,116147,115073,111506,108274,101479,98845,98407,94352,93039,95510,97513,99452,101576,99974,99864,111599,103163,83671,78474,6700
35,111282,115150,111954,113521,116465,112498,111453,108133,100799,97569,95048,91946,90304,93080,96747,99224,100851,99862,98827,106056,98738,90100,77175,6900
36,111725,114584,113526,113799,127831,114287,110220,109053,102154,98997,96587,94499,92336,94666,97543,99441,102350,100370,99409,104534,97898,93561,78359,7100
37,126968,127489,127837,124090,129659,121181,119057,116530,106986,103617,102550,99317,97712,99653,102652,104856,108122,106096,104845,107321,100397,94046,81239,7300
38,116564,115408,114629,114946,121109,128355,110869,108886,101941,98623,97842,93112,91967,94875,99040,100714,103202,100332,99139,102137,99077,90060,95515,7500
39,110923,113058,114758,114267,119322,116732,110458,107013,98862,95230,97660,93966,93326,96980,100278,101768,104542,104225,99156,102360,96933,90428,86787,7700
40,116740,115299,115445,113400,118469,115880,123880,106968,98254,96087,95038,92049,90986,95292,98741,102335,103836,103270,101995,102529,99138,91224,88267,7900
41,120467,117143,111784,112136,116360,116201,112935,106341,97659,93845,94238,91403,88714,92057,97356,99926,101865,103163,100423,102221,98396,90147,86477,8100
42,121303,116410,113755,111865,116261,112615,111454,106381,94639,90925,90668,87535,87163,90052,94729,97814,100771,100460,98636,101993,98627,91156,85439,8300
43,135893,123623,119964,116866,119639,119076,117875,122450,100411,93547,94337,90740,90215,93593,98442,100895,106062,104150,101130,102663,99893,91988,89511,8500
44,132067,129725,120619,118313,117569,116489,113524,106694,105687,91714,88495,85691,85510,88742,93667,96846,99105,99764,98569,99152,96798,90626,85918,8700
45,129752,127348,121606,114037,118979,117822,114145,107850,95593,101682,100040,94871,84737,89109,94931,97226,99336,101406,98345,99369,96559,89511,85082,8900
46,142559,139241,129891,125989,124675,123366,119603,114030,98804,95203,95117,92087,99341,104124,111213,114646,104998,105208,101289,103689,99004,93232,88944,9100
47,138601,134420,126345,120876,122040,126978,115846,107861,96683,90481,88324,84830,83318,87216,92264,96848,98211,99266,98294,100312,97532,90727,85214,9300
48,140781,134846,127605,120205,118797,122919,118231,108623,94039,90580,86949,82975,80849,85074,90589,95557,96582,99300,100899,99309,96272,90673,87436,9500
49,144918,142978,138214,127879,123319,123761,130819,114350,99887,93236,93518,89670,88266,92518,99007,101809,103667,103204,102553,101982,98564,92822,89279,9700
50,147837,140793,136485,132219,127112,123444,124028,114281,98838,93035,89489,85123,82441,86397,91081,97297,113376,99548,98997,101552,96226,89830,86394,9900
51,154156,145721,138667,134643,130172,127317,125585,117413,99930,92606,89833,84707,83031,86132,91101,95395,99893,99609,98006,100277,98058,89909,86735,10100
52,157229,147891,137380,132179,128770,125984,122266,115695,101509,95365,93743,87440,84699,88634,94962,97711,102050,118303,97657,100479,96771,90119,86486,10300
53,160511,153442,139731,137887,133866,130707,124234,122502,102671,98431,95416,88668,83979,86929,92765,98853,102627,105579,97824,102115,96799,95431,86069,10500
54,163233,158304,141800,136370,132612,130555,124097,113319,101177,94827,92335,87929,82925,85573,91281,95689,101207,101858,96399,100319,95172,90709,85868,10700
55,181214,174137,159306,153793,145268,142137,137614,121584,109639,103542,99235,94778,90663,95731,101476,102895,106956,108681,103049,104566,98024,94250,88000,10900
56,168508,167786,152708,147412,138733,135787,132594,115514,103616,95273,94762,89864,86571,88843,93473,100671,102801,106808,99444,103264,97809,92758,86206,11100
57,167647,171029,158774,148810,141657,140079,134572,121197,103856,97077,93915,87699,84587,88563,95205,99554,105803,105445,98581,103950,96099,92817,93564,11300
58,163355,173448,164599,155759,146492,140286,135508,121650,103670,101629,95969,88698,85220,88487,95543,99577,106239,111433,100086,104786,97890,94145,89937,11500
59,164795,169726,166160,161059,149239,143361,139685,122771,105517,103281,98639,90477,85022,86772,93805,99007,104146,108438,98899,103899,97683,94252,89286,11700
60,160320,164769,173038,165418,151737,145699,143128,123631,104311,102931,99075,93620,86886,87620,94107,98442,104398,108586,99067,103595,95531,94389,90123,11900
61,157383,168550,171626,176056,166686,157972,153650,138660,118846,113717,111320,108589,108202,111684,117188,120137,124213,125928,115728,114845,107399,105331,103000,12100
62,155274,162192,165632,166538,161592,150051,145942,128803,110865,102863,97492,91180,89428,93353,102426,107247,107610,110404,103500,102465,96855,96337,91428,12300
63,149648,155300,160751,165199,167892,157396,149410,132757,111740,105536,96484,91653,88150,88874,97488,107634,111267,111493,112718,100337,95425,95227,90835,12500
64,155150,160662,170128,173710,177077,166176,157874,132509,116561,112352,103902,95497,91309,93230,99116,103220,116321,117088,177362,103745,98856,97389,93069,12700
65,147044,153084,160153,161963,164346,160656,155813,131361,114700,106183,102206,94366,87805,90096,95155,102606,107715,120506,126212,102895,99433,96715,93473,12900
66,136093,150005,154066,161560,167399,162944,158909,132603,113207,105585,101532,96606,89944,90450,97387,101404,108219,114181,126747,105895,101891,97367,91646,13100
67,130935,147501,154046,161823,165224,168665,164042,137708,119140,114401,109160,101328,95861,97961,104020,109401,113990,118409,134739,154569,160778,101369,95619,13300
68,125568,138543,152714,159113,162789,169026,162530,139750,118483,111782,104951,98950,91600,91762,100507,105374,109995,113962,128234,114461,124845,101658,93454,13500
69,121378,130627,147419,149151,161444,168749,162954,138618,119878,111449,104192,98336,90870,92643,97463,104764,111001,113113,120372,111236,117581,104100,94440,13700
70,119842,127709,143106,153903,157896,164510,163694,141984,120061,115169,106940,101816,94570,95189,99607,103655,112573,117697,124244,111909,122049,154908,95309,13900
71,116411,124445,139337,149571,155376,164974,162760,145247,126311,119330,112297,105141,99325,98584,104775,110500,116483,119969,126081,114075,128507,154522,97567,14100
72,111769,121204,131164,145980,151903,163961,163081,141712,122530,116770,108752,102877,94022,94344,99767,104544,110036,115280,120566,111132,120071,132776,94670,14300
73,116959,125742,133464,149349,164097,171879,173121,152677,131966,122281,120058,115416,106370,104307,109280,113733,121485,127499,131757,116243,124873,139144,103422,14500
74,104369,113313,124664,132967,152385,155380,160338,145393,124676,116408,110101,109748,98807,98361,104899,107541,113400,118127,124105,111604,119753,134348,101766,14700
75,99622,109941,119801,128810,145247,152635,163225,145553,126558,121139,111600,110167,97482,97759,102370,106555,111952,116469,125418,109010,116383,132556,111809,14900
76,100852,109115,121558,127977,146579,159818,165408,148463,129649,124890,116293,113582,105648,103002,107229,113094,119648,124225,129730,110970,120298,133850,222951,15100
77,93769,103449,113111,122577,133513,152909,154070,144752,126075,119413,115533,108060,97077,97164,102039,108168,114052,117775,125030,106665,117644,129649,140514,15300
78,91928,100672,109855,119497,129443,150172,153192,144853,123108,117054,112542,111404,96882,98152,102073,106849,116844,118485,124748,106805,116306,129962,138148,15500
79,88950,97696,108014,117632,126542,147814,154399,146443,126527,118381,113008,113615,99252,99175,105290,107449,116325,123392,127581,108025,118313,131813,140770,15700
80,86819,95455,103365,111458,121806,135440,150192,143443,121763,119606,116387,110475,98973,98997,100707,105910,112733,116199,125812,104017,113278,129838,136595,15900
81,83662,90621,100325,108438,119839,130969,150854,140690,125017,118829,114709,107895,105416,104455,107427,109988,114783,119244,124043,104685,113507,129351,135952,16100
82,82713,90621,99584,105932,119263,128263,142518,139943,124934,121939,113534,108587,98565,101296,102975,107146,116068,120427,121681,103409,111780,126253,132541,16300
83,79010,86499,97226,104268,115474,123437,137897,137169,125171,120617,114142,108540,98630,97802,101194,107130,117431,123630,124898,106055,118133,135376,134631,16500
84,76307,83828,92821,98041,107934,124487,127623,134027,118679,116242,110056,105055,95644,95669,98830,104569,111116,117173,124339,99458,110741,125571,131593,16700
85,82812,87152,96705,101016,109826,127254,129766,139510,122986,118469,117394,113569,100631,102640,103275,106478,116495,123432,127782,101552,114066,129406,133581,16900
86,74805,80160,89104,95519,104472,117791,123928,131747,116276,111956,109452,109250,98149,98387,101178,104147,112606,118780,120660,104802,110112,121615,127826,17100
87,72754,77641,86064,92991,100592,113659,120804,126168,114303,109384,107813,105856,94357,92848,100638,106203,115224,121306,119237,100265,107894,120251,125046,17300
88,73751,75327,83778,90972,97667,110891,119884,127031,115535,111893,107853,108036,97087,95843,97736,101621,109969,117464,122351,97795,107824,120816,127429,17500
89,69359,73653,80816,90521,93180,106012,119951,119235,110172,108383,105934,103741,95676,97118,96547,100427,109389,114853,120451,97845,107338,120807,126577,17700
90,66893,72680,80174,89061,95220,105320,116143,116574,107552,106473,104944,101139,92067,91512,95395,100151,106228,113453,116423,98372,104512,120803,125938,17900
91,75219,79824,85256,93380,100622,111666,121189,126178,119827,115595,113685,111198,108083,105938,104608,111706,119828,125003,129864,108579,117143,129898,135126,18100
92,64152,69325,76407,82223,90125,98520,106405,114001,105824,104500,100807,99406,92513,91223,93951,97529,107262,113795,117493,98419,107289,118063,120387,18300
93,63133,69054,74327,80831,88966,96615,104779,108960,100678,102025,98870,96636,90053,88269,89503,93641,104458,110989,115674,96542,110404,119860,119585,18500
94,62460,67457,71879,79885,87927,95763,102143,106501,99198,99469,96577,94293,88911,89115,89157,93445,101632,110367,114223,96460,108051,115445,117860,18700
95,62249,66472,69593,78814,86377,93301,101258,104639,96477,93244,94971,92748,86699,87409,90104,93093,101565,110882,119875,97524,110813,123784,121167,18900
96,60139,63918,68467,75946,83026,91437,101213,104015,94518,93800,94705,90672,85483,85690,86532,91296,98129,105782,110666,94044,107642,117705,120351,19100
97,60824,64712,67568,73993,83691,90543,98867,103126,95279,92887,93268,93047,87127,85507,86903,91303,96977,107118,109349,94732,108108,116736,122029,19300
98,58594,63133,65510,69684,82244,87578,96036,99128,91100,90032,91157,90290,84223,82936,84916,88153,93201,101554,108441,90405,103091,114958,119026,19500
99,57568,61286,64138,68582,77299,84815,96397,97626,88726,88401,90775,87062,81480,81281,82722,84935,91183,101371,106910,88453,102253,114461,118961,19700
100,57605,63039,64497,68478,76624,83952,96054,97866,89527,88024,87983,85021,78890,80707,83501,85033,90249,100057,105537,88651,101122,111952,119997,19900
101,60588,60032,62935,66893,74790,88900,92132,97209,87841,86696,87918,87369,83396,84170,84867,86364,91030,99374,106500,90953,102447,113849,118449,20100
102,55808,58960,60695,64115,70677,83296,87214,93210,88309,84385,84635,81968,78020,78830,79109,82676,87860,94387,99836,86716,98885,111139,119246,20300
103,56664,57507,63066,65123,70262,81836,86279,91534,86446,86043,85372,80412,76425,78924,78741,83740,90304,96736,101770,88710,103721,115128,117642,20500
104,60016,56161,61130,62676,67627,78034,83491,88424,82412,80733,80861,77416,74421,74502,78311,81220,85644,92628,92864,84174,96380,107993,113772,20700
105,55051,55250,60114,61349,67053,75635,83889,87937,80926,79527,79184,76832,72233,72194,74541,78618,84291,91533,95591,83131,95049,107088,112910,20900
106,56573,62190,63993,65956,70675,79756,88576,91608,85779,84655,86897,82445,77755,78138,78462,81805,88088,94827,99638,85035,99387,109134,115524,21100
107,50881,56149,57476,59818,64016,71459,84594,83786,79026,77167,77762,76199,70124,69715,71586,74976,79480,87955,91171,78086,93531,103615,111035,21300
108,51225,61054,57188,59548,63603,69444,85698,85033,78234,76595,75711,76186,70127,70065,70658,74495,81123,87300,90630,79037,91800,103279,110674,21500
109,53124,60606,59660,62267,65851,71230,84368,89978,79867,77683,76884,75285,69207,70731,72123,73885,78246,85296,91248,79848,89760,101778,115112,21700
110,51622,53649,56980,57506,60420,66596,77789,85136,76781,74553,73635,71259,66538,66813,68795,71362,76338,83760,90172,78407,89639,101889,109484,21900
111,47435,50383,59776,56091,60351,64597,75592,81158,88087,73536,73211,68046,64829,66125,69135,71079,74031,82513,84996,76333,88101,97934,108363,22100
112,49683,51374,63652,56928,60060,65011,71431,78278,78734,88764,71608,65369,63652,64359,69247,71820,74494,80741,86664,76078,89096,99926,109222,22300
113,47940,49568,54825,56658,59662,64317,70103,78673,75995,73808,73278,66360,64096,64096,66785,69176,73019,77879,85923,76257,85702,98223,104653,22500
114,45567,48950,54383,55988,57636,61966,67883,75655,68861,68548,75357,63685,62020,61714,62440,64991,68625,73379,79228,71077,80034,91196,99919,22700
115,46034,47733,51871,57772,58538,62106,68019,75337,69859,70185,78785,64179,64582,64082,62641,64916,68278,74479,78924,70720,81525,92455,99032,22900
116,44846,48357,51312,62966,57772,61732,68169,73164,68617,67934,72402,63466,63795,63040,61587,64830,67533,73304,78106,70128,81213,92072,98460,23100
117,48459,45926,49408,59167,55684,57665,63180,71068,67147,68740,66160,72848,58117,58759,59911,61054,65542,70286,74441,66843,76445,88189,95268,23300
118,44496,46863,50755,53234,55816,58163,63570,70629,67769,66661,64739,68078,58095,57995,60388,61105,65633,69189,74470,66481,76306,86555,93171,23500
119,45174,44390,47491,52954,54711,57000,61614,67459,67545,64923,63195,61054,56686,56103,59051,59248,63948,66628,71966,65372,74727,83358,90543,23700
120,45801,43695,46467,50004,62222,56955,60813,66794,66596,63924,62080,57899,54395,54323,58559,60323,62895,67675,72314,65472,73664,86228,91405,23900
121,48962,45098,48866,53919,60735,60824,65224,71651,71571,68657,67883,63660,81957,78099,76174,80788,68435,74934,78304,70987,79109,88622,99242,24100
122,42745,45423,45827,50455,55494,55239,58003,62454,62761,60257,59511,57540,56079,59447,63320,66645,59775,64599,69386,62712,70559,77629,87597,24300
123,42187,48462,44417,50723,54698,56338,57249,62329,60515,58864,60556,59227,54721,54163,59792,60606,64650,63952,68433,62681,69366,77031,85767,24500
124,40598,49554,43346,47068,52644,54870,57091,60394,58421,57097,58667,58349,53607,53152,55042,57324,67873,61913,67187,60838,67365,75273,84133,24700
125,39976,44027,43252,47035,51329,59333,56409,60065,59349,58069,58185,58509,53158,53495,53949,56436,64194,72178,66931,61271,67994,76757,86334,24900
126,39726,43633,43983,45729,50087,59846,56180,60097,58003,56521,57463,58230,52935,52375,53282,56150,60414,70348,75403,60306,67518,75506,85377,25100
127,41119,45309,45427,46903,54791,62927,56975,60160,58196,58325,57592,56690,51212,52138,52665,54424,57039,64800,75148,59408,70706,73566,80210,25300
128,39671,42116,46229,43177,48803,56535,55121,57851,55452,55541,55767,57282,49201,49609,49969,54624,55124,60293,65696,59736,74867,71938,78637,25500
129,36399,39312,50662,42254,47612,55038,55630,56401,54319,54407,55003,55978,49485,49766,49992,51253,52919,57696,61806,67364,71764,70077,77260,25700
130,39372,39231,46853,42803,45228,52193,57373,56390,53859,55483,55028,56419,49429,48540,49766,51056,53651,57323,61214,68384,66631,69911,79998,25900
131,38930,38325,42973,43026,45411,51662,53761,56194,54737,55134,54342,57969,49469,49245,49305,50234,54555,56009,60217,60322,63396,68204,76549,26100
132,35745,38479,40906,42491,42862,51134,54191,54529,51338,52273,53223,55223,49237,48844,47832,49680,50613,53823,56594,54000,60275,66733,74128,26300
133,35474,37330,39450,47073,43124,49240,54674,54356,53020,52415,53255,57205,49238,49096,47745,49132,50796,55679,57099,53868,59183,65356,73314,26500
134,34461,38684,38378,48393,42970,51522,52351,53427,50867,50703,52867,54669,50312,49735,47042,48072,51136,52931,55177,52277,58048,70358,73004,26700
135,33288,35097,38991,46743,43650,48226,56467,52356,50874,50918,52003,51578,49561,48240,46700,47204,50575,50831,56151,51086,57049,73597,71257,26900
136,35980,38022,40286,44852,43863,48713,54929,55056,50957,51790,53031,52949,52069,50525,48375,48575,51379,52161,55518,51285,57909,72497,71277,27100
137,34941,35659,40399,41601,43805,46205,52883,51690,48991,49221,51346,50217,49387,49900,46990,46649,48938,49271,51536,49891,54518,65564,67712,27300
138,32825,33685,38931,38839,48594,44837,51739,53139,48208,49270,52514,49039,48161,48337,45838,46723,49069,50076,51501,49591,54449,62222,66904,27500
139,34734,35266,36797,38784,49581,45038,52427,52945,47621,48121,53058,50390,47700,48139,47276,47454,49426,49443,51613,48932,55168,61270,67294,27700
140,34519,33706,36975,38671,43945,44320,49256,50774,46988,50023,51150,48809,47241,47207,45884,47203,49405,48705,50745,47342,52786,59947,65393,27900
141,33189,34372,35932,39036,44263,44718,50414,55253,49898,53100,52331,50384,49217,47762,47446,47893,50302,49394,51150,47691,53046,60193,64778,28100
142,32211,32385,34789,39115,40839,44266,47026,51174,46893,50803,51653,47038,46521,47290,45646,45380,48494,47650,48798,45272,50428,57623,65844,28300
143,31118,38030,33685,38420,40378,43801,47233,52513,47175,51201,49702,46880,45380,45154,44635,45057,47561,47937,47982,44787,50331,56122,67290,28500
144,28401,32965,34033,36926,38375,45176,44115,51210,45836,46355,47288,45472,44064,45147,44854,43834,46393,47506,47294,44248,48421,53653,70281,28700
145,30218,36960,35303,36287,39678,49363,46522,49522,47707,49662,48219,45785,44895,45935,44478,45233,47663,48460,47676,45287,48993,53785,66697,28900
146,27212,31833,34397,35722,38274,45348,43998,50445,47392,46633,46797,46007,43337,45951,45296,44628,46377,46069,47634,44473,48745,52592,62815,29100
147,27814,30615,35847,33544,38225,42884,42862,48051,47298,46699,45657,44212,43103,42912,43648,44422,45759,46716,46521,44289,48137,51514,58966,29300
148,29184,29243,35705,33965,38832,41722,42928,45927,45877,45611,46500,43676,41703,42525,42888,44568,44996,45345,48787,42654,47623,50727,58128,29500
149,26021,30564,36683,33584,37139,39816,45326,45938,47170,44074,45656,44499,41490,40806,43431,44442,43428,45142,45459,44400,45963,49617,55308,29700
150,26239,27864,36519,33187,36041,38479,41297,44936,44393,44064,46794,42944,40816,40932,41575,42178,44029,45199,45087,42048,46607,48972,55794,29900
151,27219,31720,35185,36581,39045,42605,46865,50120,51462,49494,50543,47034,46470,47889,46832,48898,50497,52722,52516,50609,54651,57081,62828,30100
152,24054,28194,31932,34253,33869,37199,41553,44156,42694,44329,43374,40060,40477,40351,40730,41948,42570,45449,43893,42246,45476,48329,53184,30300
153,22751,27085,29573,34281,33670,37441,43933,41896,42609,44822,44869,40382,40579,40313,39700,40543,44649,45685,43757,40896,46658,47517,53117,30500
154,22733,27391,29315,35148,34656,36829,44427,42256,43005,43145,42291,39444,39834,39949,40529,39975,42221,45167,43551,41876,44584,46724,50925,30700
155,20714,27114,28443,34991,34143,38428,44733,41894,41290,41278,43121,40394,40962,41734,40447,39955,42629,45383,42687,40752,46830,47206,50913,30900
156,20197,24819,31911,35787,32537,36866,42023,42550,43134,42522,43209,39802,38925,39294,39488,40437,42581,45586,42777,41091,44380,46303,50652,31100
157,20017,24820,28644,32687,33308,36987,39899,41942,40633,40484,41993,40224,39461,38510,39017,40582,41354,46083,44220,39929,44817,46818,50858,31300
158,19695,23438,30338,32306,33701,37440,40263,41272,41445,40664,41224,39174,37661,37363,39252,39792,40815,45887,42673,39387,43082,46182,49865,31500
159,18750,21746,27192,29398,33391,35369,40553,42447,39483,40364,42078,37816,37138,37241,39893,41509,40780,43968,42743,37675,42154,44831,47572,31700
160,18865,22271,27427,30747,34060,34308,37833,40196,39513,39662,39625,37942,36769,37525,38098,38755,40955,44258,42096,39747,41628,45534,47863,31900
161,18341,20327,26523,29080,34432,34448,37096,41203,39741,41698,39255,38104,36844,38218,37340,39815,40820,44305,43750,40096,43634,47552,48377,32100
162,17666,19863,24230,28577,31864,32991,36588,41570,37843,38646,37771,37044,36816,36452,36086,37604,40284,45404,42178,38545,42585,44507,45688,32300
163,18218,19865,24591,29530,33245,32906,37542,39145,39159,39488,37853,35986,36403,37534,35708,36963,40092,42759,41944,38861,41671,44056,47182,32500
164,17172,19023,22282,27147,31962,32432,36302,38278,37366,38531,36878,35064,36135,35757,35731,36151,37795,42401,41867,37515,41252,42414,44829,32700
165,16533,18872,21845,27342,29391,33543,36005,38246,37126,38344,37332,36412,36667,36057,34807,36505,39290,42550,42476,37024,42075,43024,47037,32900
166,16967,19562,21969,26221,30248,33299,37232,38312,38294,37399,38659,35669,36547,36118,36153,36322,37880,41991,45892,38351,41031,43559,47596,33100
167,15778,17882,20572,26660,29865,32721,35353,38178,37728,36375,36692,36045,33829,33257,34777,35586,36016,40154,43229,36816,39626,42465,45414,33300
168,15469,17588,19449,23877,29048,32664,33186,38422,35908,35753,37268,34698,34270,33177,35479,35442,35803,38806,43212,37295,39414,41802,44845,33500
169,15979,18194,21606,24990,29753,34002,34436,36686,36575,36815,37155,34621,34336,34773,34027,35505,36020,38266,45085,41322,40600,41376,45777,33700
170,14979,17127,19220,22683,29202,32094,32783,36541,36184,35472,34857,33714,33414,33051,34205,35331,35929,38482,43553,38601,39268,43061,44601,33900
171,14912,16916,20080,21608,27378,31595,33796,37012,35843,34903,35201,32705,33119,32832,34316,33795,36754,37359,43331,38055,42470,41010,43274,34100
172,14621,16401,19321,20864,26261,29894,31447,34921,34157,34674,33110,31960,32040,31636,32160,33822,35227,37451,42022,39179,39711,40316,42868,34300
173,14804,15983,18902,19971,25933,29770,31415,34652,34171,34805,33934,32337,31672,31867,32696,33811,35146,37426,39871,40064,40452,40289,42148,34500
174,13849,15832,18323,20211,24247,29801,32028,34444,34224,33216,32229,31442,31790,31481,30515,32508,34929,38175,39282,39388,43881,39001,41215,34700
175,14027,15606,18011,18985,23687,30212,30725,33462,32563,33929,32692,31584,30819,30152,30722,32598,33374,38035,38937,40795,40758,39881,42610,34900
176,13542,15137,17366,20744,23956,29612,33848,35384,35087,34218,35296,32387,32683,32199,32010,33369,34685,39035,41050,40548,43037,42910,44067,35100
177,13111,14950,16242,19838,21624,29541,32261,32966,33267,31979,31842,30474,30086,29313,30025,31207,32087,35972,37995,38256,43723,43847,40759,35300
178,12855,14493,16513,18890,20708,27489,32014,31907,34112,32567,32171,30086,30327,29864,30894,31214,30302,34147,37202,37594,39404,41124,41779,35500
179,12710,14136,16410,18690,19986,26260,31329,31929,31474,31430,32047,30019,29609,29347,29794,29495,30381,33598,38057,37435,40200,41876,40274,35700
180,12116,13856,16192,18956,19825,26807,31498,30611,31552,30529,31139,30540,29105,29347,29601,31145,29572,32799,36588,36824,40400,43428,41237,35900
181,14670,16408,18623,20736,23510,29314,34535,35375,36268,35214,35328,33616,32990,32168,32582,32899,32636,35632,39811,40600,42332,47861,44944,36100
182,11660,13600,15567,16929,19701,24747,28351,30635,30386,29619,30552,30082,29084,29073,28638,29277,30163,32272,35962,36639,39752,41465,42761,36300
183,11524,13395,15630,16863,20132,23698,29722,31981,30630,30677,30751,28884,29116,29848,28015,28971,29468,30948,34250,36081,38272,42432,40783,36500
184,11302,13007,14967,16285,19852,22423,28519,30226,29523,30800,29927,27319,28586,28096,28259,29147,30350,31815,34993,35633,38448,41039,40299,36700
185,11037,12799,14518,16235,19070,21774,28514,31745,30077,30236,29384,27215,28205,28490,28088,29082,30250,31336,32636,36433,39157,39543,40874,36900
186,10771,12892,14330,16213,19351,21254,28988,30087,28867,30313,29757,26015,27891,27764,27501,27992,29360,31103,32597,34879,38216,41446,43867,37100
187,10478,12099,13660,15733,18046,21442,29182,29547,28405,28626,29424,25951,27435,27914,27427,27846,29133,30978,32189,33101,39968,39377,40858,37300
188,10701,11943,13730,15375,17314,20758,27297,29894,29169,28977,28025,25728,27285,26687,26599,27729,29085,30432,31839,35373,36381,39339,42858,37500
189,9966,11608,12930,14916,16749,19844,27152,28882,28379,27460,28696,24675,26768,25859,27401,26525,27759,29675,30995,32313,34879,38048,40855,37700
190,10268,12126,13829,15737,16653,20447,26679,29600,29545,28220,27806,24983,26205,26054,27133,27825,27769,31024,31878,32188,35972,40186,43624,37900
191,9648,10945,13514,14688,16587,20361,24891,27626,27683,28698,27932,25141,26138,26352,27562,27538,27909,29375,32280,32709,34046,39859,43211,38100
192,9451,10567,12721,14290,15912,19587,23599,28635,28055,27868,27524,24030,25572,25626,26358,26664,25791,28456,30119,30196,32630,38075,39632,38300
193,9685,10732,12950,14108,15857,19155,23618,27899,27867,27090,29594,23845,24895,25004,27286,26762,27782,29293,30754,30813,34258,38214,41080,38500
194,9124,10140,12451,13905,15297,19162,21532,26695,26897,26212,28184,22907,24549,25875,26284,28125,26677,28278,30180,29440,32332,38030,39772,38700
195,8907,10288,12036,13535,15371,18467,22252,28375,25720,26036,28309,22428,25941,25204,25851,25681,25577,27922,28897,29076,31287,37512,38037,38900
196,9529,10789,12276,13819,15577,18092,21626,28605,26952,26695,27288,22626,24283,24525,24612,25920,26765,28503,29619,30430,32094,35804,42596,39100
197,8778,9954,11622,13467,15019,17260,20820,27594,26376,26479,25585,21515,22981,23359,24268,25737,26573,27266,28765,27998,31117,35239,39566,39300
198,8534,9792,11355,12630,14711,16754,20716,27174,25130,27493,25437,21009,22021,22030,23555,24577,26325,26913,28077,27871,30137,33549,39914,39500
199,8808,9804,11363,12369,14840,16581,20520,26458,25322,27824,24164,20128,21586,21551,23135,25192,25617,27242,29146,27942,29431,33832,40935,39700
200,8361,9374,11126,12426,14436,16574,20500,25493,25889,27700,25299,21181,21943,22396,23904,25531,26799,29024,28991,29623,31451,34384,40330,39900
201,8163,9428,10628,12286,13873,16529,20172,24804,26006,26248,24261,20689,21292,21338,24230,24456,26216,28007,30003,28813,30076,33935,39426,40100
202,8443,9284,10499,11587,13649,15679,19177,22987,26255,24684,22834,19336,20535,20250,22611,22943,24243,26702,28069,27311,28826,32587,36182,40300
203,8222,9124,10424,11555,13246,15477,18691,22698,25048,24217,23694,18806,20023,20470,22317,23417,23418,26634,27383,28605,29487,32802,37161,40500
204,7925,8749,10131,11469,12810,15249,18280,22050,26507,22645,22567,18746,19460,19825,20948,22240,22742,25289,27617,27208,28570,32143,36226,40700
205,8049,8700,9860,11281,12680,15449,18047,21123,25867,22578,22812,18021,19425,19481,21371,22924,22576,25391,27132,27507,28381,31548,34137,40900
206,7546,8456,9878,11021,12634,14794,17372,21283,24248,22785,22553,17595,19197,18921,21380,21601,21691,23988,27170,27091,27373,30622,34451,41100
207,7532,8371,9599,10582,12138,14651,17096,20519,23626,21498,21345,16842,18145,18663,20395,20743,21656,23310,26255,26243,27659,29668,32123,41300
208,7415,8385,9556,10618,12123,14436,16798,20066,22733,21403,20634,16581,17749,18072,20398,20875,21109,23413,26636,26516,27152,29017,32217,41500
209,7206,8112,9392,10315,11535,13593,16324,20022,21267,20492,19727,16303,17551,17460,20019,20346,20536,22293,24955,25732,27087,28288,32868,41700
210,6953,8175,9087,10001,11715,13409,15783,19638,22151,20618,19860,16147,17275,17050,19311,19885,20269,22235,24734,26140,26945,28502,32618,41900
211,8770,9593,10511,11395,13060,15317,18118,21785,23370,22837,21788,17736,18940,18938,20981,21691,21963,24175,26307,27178,29791,31212,34607,42100
212,6766,7668,9083,9554,11156,12949,15187,18797,20343,19639,18801,15324,16289,16515,18722,19908,19847,20742,23688,24851,26940,27826,31865,42300
213,6763,7596,9014,9518,10691,12987,15154,18457,20084,19641,18276,15285,16127,16557,18437,19770,19439,21066,22782,25172,25627,28303,31188,42500
214,6816,7721,8816,9517,10584,12787,14518,18464,19571,18944,18336,15253,15821,15921,18250,19197,19821,20200,22565,23105,25795,27350,30625,42700
215,6617,7455,8574,9539,10308,12461,14339,17815,19234,18395,18451,14613,15437,15422,17925,18919,19441,20371,22158,22870,25282,27602,30757,42900
216,6333,7329,8583,9355,10340,12326,14289,17568,18954,18547,17567,14822,15303,16276,17363,18823,19335,20310,22220,23162,24858,27325,28993,43100
217,6798,7485,8765,9480,10660,12448,14803,17473,18964,17905,17407,14143,14728,15160,17776,18773,18831,19985,21787,22221,24667,27454,29174,43300
218,6322,7353,8208,8853,10035,11941,13913,16728,18415,17471,16836,13835,14326,15050,17099,18211,17859,20196,21179,21958,23581,26586,29677,43500
219,6182,7066,8315,8783,9766,11525,13507,16119,17703,16944,16207,13402,14171,14422,16398,18078,17278,19409,20951,21585,23006,26980,27950,43700
220,6186,6892,8008,8626,9528,11349,13394,15745,17272,16718,15743,13367,13914,14103,15451,17093,17057,18969,20982,20748,22681,27057,28432,43900
221,6030,6801,7805,8565,9573,11460,13367,16114,17250,16782,15535,13112,13856,13818,15657,16968,16832,19169,20709,20918,22821,26071,28525,44100
222,5890,6678,7599,8733,9351,10997,12747,15257,16608,16058,15013,12696,13557,13271,14686,15655,16339,18207,20303,20176,21822,26776,27857,44300
223,5772,6516,7583,8254,9454,10787,12669,15168,16650,16040,14900,12498,13016,13191,14429,15968,16369,17840,20203,20484,22532,24928,27218,44500
224,5548,6468,7288,8284,8950,10598,12247,14697,16187,15025,14390,12045,13058,12933,13983,15054,15893,17255,19570,20269,21146,23419,26160,44700
225,5642,6211,7282,8194,9172,10809,12450,14809,16107,15258,14566,12274,12953,13133,13737,15326,15773,17546,19254,19623,21443,24733,27103,44900
226,6249,7009,7871,8998,9493,11317,13254,15610,17279,16090,15392,13390,13725,13861,15013,15624,17732,18973,20873,21401,23368,25679,29578,45100
227,5484,5909,7149,8008,8676,9870,11763,14093,14903,14142,13742,11633,12048,12391,13595,14147,15074,17136,18587,18836,20347,23568,26758,45300
228,5469,5852,6767,7807,8682,9846,11866,14062,15043,14109,13626,11784,12123,12138,12995,13830,14603,16207,18037,19212,20641,22896,26625,45500
229,5176,6093,6965,7851,8591,9755,11401,13671,14730,13645,13370,11629,11632,11930,12940,13516,14037,16031,17975,18457,19933,23173,27275,45700
230,5373,5815,6702,7651,8472,9571,11004,13518,14608,14012,13319,11214,11830,11669,13068,13183,13743,15570,17374,17905,19702,22127,26324,45900
231,5070,5614,6530,7480,8530,9870,11160,13341,14108,13774,13198,11174,11376,11450,12883,13152,13870,15177,17145,18174,19917,22650,25459,46100
232,5193,5874,6730,7531,8102,9542,11009,12909,14036,13129,12522,11293,11356,11324,12416,13103,13235,14642,16628,17869,18766,21172,25320,46300
233,5053,5658,6338,7415,8322,9312,10570,12489,13451,12420,12470,10616,10801,10735,12436,12610,13050,14127,16351,17462,18505,20854,24354,46500
234,4853,5476,6360,7267,7927,8935,10385,12636,12992,12581,11971,10748,10828,11111,11720,12470,12778,13787,16049,17217,18883,21188,24417,46700
235,5096,5630,6395,7353,8138,9113,10472,12520,13215,12397,11778,10489,10653,10751,11782,12291,12548,13817,16059,16805,18105,20916,23316,46900
236,4698,5343,5995,7155,7972,8703,10007,12140,12794,11861,11585,10369,10620,10792,11283,12063,12476,13572,15272,16297,18406,20344,23127,47100
237,4665,5389,6152,7029,7848,8699,9842,11803,12422,12138,11269,10155,10172,10430,11313,11566,12061,13233,15036,16258,17791,19740,22075,47300
238,4572,5274,5808,6743,7506,8503,9661,11666,12467,11659,11125,10022,10006,10111,10791,11839,12185,13290,14804,15730,18067,19764,22825,47500
239,4486,5151,5765,6657,7686,8250,9707,11488,12269,11293,11032,9679,9820,10190,10807,11209,11669,12703,14090,14998,16742,18918,21433,47700
240,4371,5160,5613,6501,7470,8512,9576,11684,11831,11835,10769,9898,9833,9915,10619,11082,11508,12759,13625,15178,16784,18769,21249,47900
241,5272,5796,6554,7454,8357,9335,10892,12540,13008,12691,12369,11033,10803,10692,11290,11903,12822,13672,14987,15812,17766,19815,22923,48100
242,4233,4984,5674,6297,7236,8366,9243,10839,11230,10882,10465,9541,9620,9625,10188,10710,11046,12166,13357,14381,15856,18597,20815,48300
243,4243,4850,5404,6228,7129,7957,9036,10859,11467,10635,10447,9351,9367,9573,10107,10676,10834,12181,13085,14060,15444,18044,20055,48500
244,4270,4831,5643,6258,7317,8233,8980,10531,11504,10717,10214,9416,9407,9522,10058,10497,11166,12515,12876,13819,15229,17908,20215,48700
245,4086,4608,5458,5998,7139,8047,8650,10172,11426,10210,10148,8996,9183,9108,9884,10317,10536,11617,13497,14194,15365,18120,20222,48900
246,3995,4533,5290,6121,7101,8030,8929,10695,11022,10369,10144,9500,9341,9465,10006,10257,10824,11591,13026,13397,15293,17885,20240,49100
247,4147,4673,5284,5883,6970,7829,8733,9942,11017,10292,10121,9621,9169,9359,9518,9816,10335,11310,12424,13087,14422,17013,19106,49300
248,4039,4428,5287,5834,6717,7738,8388,9886,10549,9886,9754,9067,9034,8930,9445,10012,10356,11458,12433,12672,14550,17063,18893,49500
249,3816,4412,4984,5486,6668,7735,8442,9720,10049,9641,9665,8667,8847,8753,8932,9427,9883,10799,12005,12144,14295,16520,18773,49700
250,3827,4217,5065,5849,6548,7653,8665,9772,10436,9979,9971,8800,9035,8915,9288,9709,10446,11258,12403,12629,14388,16925,19457,49900
251,3783,4361,5241,5968,6711,7910,8930,10217,10511,10264,10324,9340,9858,9636,9952,10583,11168,12096,13157,13088,15196,17432,20087,50100
252,3565,4154,4911,5491,6260,7523,8077,9235,9572,9335,9112,8233,8676,8573,8951,9301,9875,10725,11743,11855,13437,15432,18413,50300
253,4145,4635,5127,5882,6713,7476,8437,9428,9716,9758,9464,8481,8611,8719,9172,9480,9901,10831,11597,12236,13476,15660,18264,50500
254,3587,4009,4583,5322,6183,7081,7724,8988,9396,9314,8994,8240,8389,8632,8658,9085,9342,10250,11157,11349,12800,14918,18078,50700
255,3516,3927,4513,5153,5895,7089,7846,8840,9212,9016,8850,8128,8271,8325,8727,9100,9390,10082,10819,11183,13071,14739,17732,50900
256,3841,4358,4910,5427,6260,7242,8056,9140,9427,9322,8673,8187,8152,8470,8682,9103,9480,10435,11010,11202,12336,14620,17313,51100
257,3576,3854,4650,5100,5853,6880,7614,8517,8985,8908,8614,7926,7910,7939,8401,8793,9056,9821,10750,10901,12211,14074,17064,51300
258,3388,3762,4462,5044,6014,6805,7621,8344,8913,8860,8507,7778,7872,7833,8319,8636,8939,9570,10613,11005,11993,14163,16957,51500
259,3421,3818,4459,5002,5741,6816,7488,8198,8806,8623,8279,7794,7912,8026,8165,8518,9144,9514,10368,10525,11659,13907,16474,51700
260,3342,3766,4506,4786,5585,6604,7482,8415,8589,8487,8488,7634,7565,7748,8178,8295,9012,9735,10246,10614,11504,13683,16094,51900
261,3311,3620,4316,4854,5577,6635,7486,8539,8505,8492,8445,7563,7776,7878,8077,8593,9147,9692,10411,10575,11432,13419,15635,52100
262,3218,3580,4226,4844,5369,6332,7058,8117,8269,8226,8003,7284,7463,7374,7841,8335,8548,9243,9981,10011,10956,12690,15419,52300
263,3208,3701,4081,4752,5494,6345,7292,8408,8286,8426,8028,7205,7487,7437,7781,8345,8518,9258,9868,10047,11175,12881,15249,52500
264,3145,3529,3995,4661,5291,6183,7077,7850,8256,7976,7837,7099,7491,7243,7649,7774,8200,8960,9513,9880,10779,12174,14493,52700
265,3006,3618,4172,4475,5151,6121,6830,7935,8220,8143,7829,7029,7182,7246,7644,7977,8509,9100,9516,9790,10762,11933,14612,52900
266,3109,3488,4078,4565,5183,5980,6815,7773,8177,8099,7793,7183,7166,7107,7458,7978,8010,8947,9561,9757,10874,12236,14651,53100
267,2893,3286,3898,4321,5047,6049,6770,7601,7815,7793,7562,7050,7006,6929,7277,7631,7836,8804,9301,9440,10322,11786,13984,53300
268,2903,3421,3773,4393,4965,5916,6639,7470,7563,7694,7504,6878,6940,6971,7150,7622,7760,8683,9256,9115,10203,11675,13869,53500
269,2890,3245,3837,4240,4838,5741,6413,7356,7546,7610,7257,6812,6773,6723,7178,7423,7604,8380,9193,9290,9927,11263,13547,53700
270,2747,3359,3714,4187,4815,5669,6541,7345,7653,7488,7332,6613,6828,6819,7088,7439,7820,8476,9283,9071,9955,11135,13346,53900
271,3521,3764,4154,4592,5344,6213,6974,7925,8091,7924,7536,7051,7203,7232,7444,7659,8199,8600,9496,9423,10356,11828,13753,54100
272,2814,3274,3679,4048,4583,5570,6212,7247,7105,7032,7026,6410,6738,6638,6907,7257,7505,8008,8593,8780,9446,10838,12670,54300
273,2873,3039,3644,3967,4602,5552,6227,7011,7184,7041,7035,6500,6446,6495,6846,7163,7501,8096,8734,8844,9540,10794,12218,54500
274,2837,3207,3529,3973,4796,5428,6318,7022,7439,7091,6999,6519,6560,6546,6797,6941,7519,7769,8639,8786,9469,10536,12363,54700
275,2643,3037,3508,3963,4625,5440,6142,7081,7304,7365,6934,6457,6787,6563,7066,7213,7665,8287,8891,8868,9765,10864,12643,54900
276,2644,3043,3592,3956,4572,5379,6246,7323,7365,6950,6979,6416,6485,6505,6808,7087,7607,7941,8724,8756,9651,10898,12648,55100
277,2683,2983,3551,3870,4471,5248,6126,7017,6872,7117,7036,6198,6332,6333,6582,6922,7182,7693,8432,8452,9206,10271,11902,55300
278,2619,3009,3410,3816,4494,5028,5776,6568,6752,6798,6615,6152,6218,6259,6631,6748,7147,7640,8194,8507,9024,9999,11521,55500
279,2432,2946,3334,3784,4205,4993,5933,6504,6855,6477,6298,6186,6001,5997,6510,6598,7117,7712,7815,8126,8831,9993,11212,55700
280,2456,2810,3304,3705,4246,4982,5765,6500,6647,6407,6412,6168,5993,6038,6355,6536,6971,7388,8112,8013,8661,9862,11113,55900
281,2506,2791,3298,3812,4377,5402,6322,6973,6963,7051,6678,6259,6374,6374,6630,6878,7249,7711,8205,8497,9068,9890,11591,56100
282,2434,2759,3175,3497,4134,4787,5673,6379,6635,6302,6273,5935,5955,5697,6155,6526,6699,7113,7847,8055,8693,9547,10817,56300
283,2461,2758,3182,3508,4004,4699,5592,6516,6375,6350,6185,5636,5834,5803,6311,6559,6896,7239,7937,7702,8486,9600,10642,56500
284,2359,2677,3095,3456,4050,4920,5677,6350,6375,6276,6202,5731,5866,5887,6241,6444,6579,7384,7609,7734,8567,9520,10632,56700
285,2245,2581,3050,3466,3874,4615,5587,6145,6337,6007,6018,5502,5618,5683,6007,6317,6509,7122,7673,8019,8449,9466,10716,56900
286,2356,2628,3143,3576,3966,4642,5413,6161,6377,6212,6250,5564,5594,5734,6044,6306,6510,6985,7668,7824,8329,9106,10522,57100
287,2300,2564,3021,3399,3884,4478,5305,6057,6197,6070,5978,5425,5544,5629,5866,5994,6256,6803,7234,7244,8049,9049,10247,57300
288,2213,2581,2960,3251,3881,4550,5506,6264,6044,6091,6105,5570,5524,5822,5773,6218,6308,6802,7265,7439,8102,9008,10313,57500
289,2254,2596,3104,3404,3831,4610,5387,5914,6046,5918,6026,5410,5422,5487,5786,6071,6115,6657,7195,7218,7937,8697,10040,57700
290,2085,2411,2900,3129,3640,4430,5037,5772,5928,5710,5812,5225,5398,5572,5738,5957,6245,6630,7048,7187,7789,8628,9919,57900
291,2121,2359,2860,3233,3624,4165,5306,5772,5873,5740,5490,5355,5328,5389,5742,6031,6169,6546,7256,7188,7649,8799,9935,58100
292,2117,2335,2772,3100,3605,4213,4854,5612,5671,5586,5407,5104,5157,5270,5588,5712,6040,6452,6834,7065,7736,8497,9676,58300
293,2027,2504,2926,3280,3585,4104,5002,5582,5631,5488,5482,4941,5025,5185,5464,5706,6076,6410,6865,7148,7896,8575,9631,58500
294,1912,2275,2700,3005,3557,4113,4764,5300,5753,5414,5285,4853,5012,5026,5339,5635,6063,6189,6719,6806,7574,8318,9148,58700
295,2168,2474,2843,3111,3560,4066,4980,5465,5589,5479,5400,4938,5042,5011,5237,5669,5879,6272,6705,7065,7410,8230,9274,58900
296,2019,2267,2601,3076,3431,4170,4868,5406,5541,5430,5323,4949,5072,5041,5179,5588,5894,6448,6807,6719,7407,8149,9277,59100
297,1962,2289,2599,2872,3513,4051,4724,5223,5377,5383,5215,4755,4830,4714,5012,5378,5682,6144,6652,6783,7320,8005,9198,59300
298,1891,2129,2530,2913,3446,3954,4603,5258,5450,5105,5280,4628,4846,4860,5130,5443,5642,6460,6725,6839,7124,8282,9144,59500
299,1904,2139,2421,2823,3371,3880,4553,5217,5240,5102,5028,4541,4658,4749,5233,5389,5378,6001,6409,6789,7107,7894,8893,59700
300,1943,2134,2530,2883,3414,4033,4896,5556,5339,5244,5489,4703,4990,5001,5177,5663,5881,6218,6682,7021,7527,8299,9229,59900
301,2423,2767,3097,3682,4089,4737,5868,6485,6548,6450,6583,5803,5872,5977,6125,6701,6972,7595,8530,8418,9379,10245,11269,60100
302,1764,2093,2452,2846,3217,3658,4313,5026,5095,4815,5052,4472,4692,4712,4885,5141,5429,5703,6159,6395,6987,7859,8545,60300
303,1751,2150,2387,2791,3167,3735,4249,5019,4966,4838,5106,4464,4420,4613,4833,5193,5224,5758,6211,6553,7106,7566,8982,60500
304,1814,2024,2368,2772,3165,3709,4245,4939,4908,5033,5152,4267,4385,4430,4846,5048,5336,5632,6140,6213,7014,7591,8566,60700
305,1743,1963,2344,2601,3244,3582,4280,4920,4953,4863,4948,4564,4420,4391,4780,5199,5157,5605,6128,6256,6917,7495,8540,60900
306,1702,1997,2312,2666,3036,3589,4266,4782,4793,4667,4803,4245,4550,4420,4658,4976,5216,5630,5869,6129,6826,7434,8235,61100
307,1727,1937,2289,2658,3065,3619,4092,4877,4667,4909,4831,4400,4248,4363,4667,4842,4997,5417,6091,6112,6903,7333,8387,61300
308,1620,1846,2277,2518,2926,3504,4028,4774,4591,4653,4752,4285,4294,4059,4506,4812,4903,5417,5872,6189,6655,7400,8198,61500
309,1695,1847,2319,2610,2934,3547,4109,4742,4654,4639,4590,4325,4285,4253,4551,4831,5053,5377,5754,6006,6454,7317,8056,61700
310,1735,1861,2278,2608,3164,3382,3941,4627,4612,4571,4577,4099,4100,4134,4336,4672,4861,5296,5701,5955,6463,7212,8191,61900
311,1651,1904,2204,2407,3021,3429,4047,4718,4578,4563,4585,4190,4120,4258,4545,4756,4890,5235,5702,5947,6407,7154,7907,62100
312,1590,1769,2118,2421,2900,3347,3989,4533,4378,4430,4413,3994,3969,4024,4319,4634,4674,5179,5688,5635,6388,6956,7792,62300
313,1531,1738,2184,2518,2845,3367,3869,4662,4540,4549,4637,3948,4059,3976,4349,4505,4876,5237,5583,5777,6421,7106,7732,62500
314,1503,1787,2057,2428,2775,3254,3671,4409,4257,4331,4276,3890,3843,4045,4339,4454,4598,4817,5425,5601,6157,7093,7547,62700
315,1501,1712,2047,2297,2768,3149,3722,4385,4288,4458,4216,3825,3823,3916,4169,4375,4646,5000,5333,5559,6116,7000,7520,62900
316,1828,2060,2234,2487,3013,3450,3981,4632,4674,4599,4475,4050,3943,3925,4279,4593,4669,5105,5587,5754,6292,6897,7711,63100
317,1419,1640,1925,2200,2642,3194,3748,4187,4197,4107,4137,3830,3765,3785,4021,4260,4462,4823,5303,5501,5928,6701,7390,63300
318,1444,1674,2030,2308,2640,3046,3572,4117,4283,4162,4128,3686,3734,3640,3983,4230,4457,4803,5310,5281,5926,6771,7370,63500
319,1379,1622,1903,2181,2656,3043,3500,4076,4170,4189,4068,3614,3756,3688,4014,4132,4328,4751,5184,5241,5648,6533,7300,63700
320,1344,1542,1966,2171,2550,3029,3486,4211,4077,4066,4015,3758,3663,3513,3843,4050,4234,4734,5171,5329,5775,6538,7395,63900
321,1346,1561,1885,2200,2513,2972,3563,4118,4113,4101,3953,3741,3697,3704,3861,4104,4314,4710,5090,5222,5571,6352,7324,64100
322,1330,1570,1871,2167,2504,3230,3380,4064,3921,3985,3810,3593,3611,3718,4011,4120,4299,4632,4900,5116,5413,6549,7047,64300
323,1345,1653,1893,2075,2495,3008,3498,3943,4148,3978,3883,3560,3560,3546,3788,4148,4183,4587,4944,5048,5547,6490,7162,64500
324,1289,1475,1758,2157,2418,2893,3352,3928,4012,3851,3842,3582,3444,3548,3655,3908,4093,4382,4799,4945,5340,6145,7116,64700
325,1410,1640,1845,2003,2428,2955,3470,3891,4138,3948,3831,3467,3472,3544,3640,3941,4055,4661,4946,5017,5431,6361,7276,64900
326,1318,1495,1783,2162,2535,2936,3623,4009,4153,4009,4038,3680,3619,3610,3856,4077,4330,4776,5234,5155,5776,6682,7580,65100
327,1235,1509,1670,2015,2399,2823,3362,3795,3828,3682,3730,3609,3441,3382,3550,3718,4070,4382,4489,4671,5237,6067,6880,65300
328,1271,1446,1724,1908,2349,2727,3246,3786,3855,3675,3631,3372,3355,3268,3497,3554,3881,4378,4747,4727,5042,5960,6767,65500
329,1184,1453,1766,1843,2215,2642,3251,3571,3834,3709,3555,3383,3314,3386,3506,3615,3795,4164,4553,4636,5153,5908,6671,65700
330,1181,1267,1684,1890,2159,2701,3127,3616,3681,3675,3608,3417,3337,3289,3475,3613,3772,4220,4608,4613,4903,5849,6616,65900
331,1471,1651,1892,2109,2428,3003,3505,3912,3908,3761,3824,3501,3445,3408,3603,3644,4008,4272,4685,4739,5227,6053,6879,66100
332,1187,1330,1672,1878,2229,2733,3106,3447,3556,3520,3446,3277,3233,3162,3298,3627,3782,4136,4446,4526,4873,5696,6370,66300
333,1115,1319,1600,1821,2182,2653,3126,3470,3631,3456,3487,3170,3118,3229,3398,3529,3650,3981,4277,4607,4833,5711,6317,66500
334,1183,1360,1518,1850,2087,2489,3143,3549,3538,3574,3334,3124,3049,3091,3317,3463,3686,3944,4538,4389,4937,5587,6403,66700
335,1062,1210,1569,1731,2159,2452,2983,3408,3388,3291,3312,3088,3092,3165,3193,3533,3582,3951,4251,4420,4836,5495,6270,66900
336,1064,1302,1491,1738,2124,2551,3110,3486,3529,3440,3401,3152,3008,3100,3230,3566,3642,3901,4428,4599,4874,5527,6449,67100
337,1177,1367,1564,1776,2167,2565,2944,3481,3331,3347,3504,3185,3118,3116,3210,3406,3661,3871,4109,4443,4736,5252,6220,67300
338,1070,1241,1506,1830,2105,2521,2919,3318,3406,3336,3261,2995,3003,3127,3108,3359,3533,3771,4156,4136,4672,5361,6156,67500
339,1061,1215,1499,1768,2070,2382,2838,3289,3302,3339,3331,3030,2966,2878,3152,3305,3398,3618,4106,4311,4557,5013,6074,67700
340,1100,1208,1395,1739,2040,2417,2858,3290,3364,3221,3273,3023,2929,2942,3174,3244,3425,3717,3994,4296,4535,5217,5977,67900
341,1013,1143,1509,1739,2040,2396,2910,3312,3276,3317,3355,3023,2961,2910,3198,3300,3438,3712,3989,4228,4496,5187,6096,68100
342,1048,1207,1447,1613,1933,2275,3015,3133,3232,3143,3129,2835,2847,2825,3024,3241,3388,3506,3922,4307,4402,5056,5875,68300
343,1026,1190,1446,1615,1891,2333,3066,3094,3304,3157,3075,3018,2808,2917,2986,3328,3384,3611,3907,4046,4362,4994,5822,68500
344,1012,1149,1384,1584,1887,2342,2739,3206,3140,3056,3093,2784,2825,2914,2978,3122,3236,3447,3762,3938,4351,4849,5715,68700
345,967,1091,1421,1530,1857,2206,2748,3040,3123,3083,3023,2661,2838,2831,2911,3192,3250,3455,3846,3946,4133,4801,5556,68900
346,1070,1180,1466,1610,1933,2352,2790,3457,3183,3099,3154,2914,2841,2876,3028,3123,3301,3710,3982,4109,4255,5016,5634,69100
347,986,1110,1320,1564,1820,2201,2670,3178,3011,2994,2965,2756,2703,2683,2764,3074,3131,3467,3807,3833,4317,4795,5450,69300
348,963,1089,1302,1427,1817,2137,2555,3062,2994,2902,2961,2694,2755,2826,2825,3090,3050,3374,3628,3892,4128,4877,5444,69500
349,949,1134,1384,1473,1782,2164,2622,3028,3000,2897,3019,2805,2701,2764,2834,2979,3162,3466,3684,3781,4162,4676,5355,69700
350,958,1050,1329,1501,1773,2129,2601,3050,3059,3038,2944,2678,2815,2807,2952,3123,3185,3484,3823,3923,4307,4886,5488,69900
351,887,1052,1350,1633,1931,2287,2923,3438,3400,3424,3320,3037,2959,2993,3072,3271,3637,3872,4093,4233,4662,5316,5994,70100
352,944,1024,1225,1466,1708,2079,2508,2889,2821,2876,2861,2583,2555,2714,2671,2901,3060,3263,3677,3646,4240,4656,5259,70300
353,834,989,1215,1429,1662,2083,2414,2922,3460,2882,2881,2569,2632,2596,2855,2843,3000,3292,3492,3680,3954,4583,5324,70500
354,870,1002,1178,1437,1664,2037,2468,2844,2877,2812,2840,2492,2511,2500,2703,2767,2984,3215,3490,3654,4012,4573,5320,70700
355,883,967,1158,1379,1719,1944,2497,2825,2807,2761,2839,2585,2538,2555,2676,2850,3014,3146,3542,3603,3837,4455,5022,70900
356,848,1042,1172,1386,1623,2001,2487,2819,2804,3277,2802,2548,2433,2511,2724,2801,2933,3213,3413,3583,3856,4421,5141,71100
357,810,953,1184,1293,1565,1911,2383,2742,2703,2734,2753,2426,2440,2438,2620,2961,2785,3079,3369,3461,3849,4474,4930,71300
358,882,949,1146,1345,1575,1950,2433,2748,2670,2717,2779,2357,2453,2539,2641,2888,2844,3186,3374,3501,3754,4531,5006,71500
359,857,988,1063,1315,1626,1886,2353,2759,2652,2599,2633,2458,2416,2397,2544,2653,2926,3042,3359,3515,3980,4263,5033,71700
360,816,964,1132,1272,1592,1810,2345,2660,2630,2670,2649,2385,2374,2427,2515,2708,2859,3019,3352,3441,3677,4291,4729,71900
361,1354,1425,1630,1825,2097,2514,3027,3325,3281,3210,3173,2796,2705,2736,2772,3007,3198,3329,3800,3738,4179,4808,5262,72100
362,795,898,1026,1322,1517,1883,2294,2524,2591,2569,2560,2417,2453,2356,2494,2577,2781,3029,3160,3330,3634,4220,4788,72300
363,771,873,1055,1385,1583,1784,2285,2592,2614,2609,2609,2313,2240,2426,2547,2501,2821,2884,3105,3371,3661,3988,4653,72500
364,823,908,1015,1231,1507,1804,2197,2506,2551,2495,2520,2319,2410,2348,2421,2610,2711,2941,3160,3188,3498,4073,4622,72700
365,771,902,1063,1194,1530,1746,2147,2773,2577,2622,3081,2325,2261,2287,2397,2505,2808,2911,3083,3203,3704,3916,4689,72900
366,814,853,1047,1264,1435,1742,2253,2540,2496,2625,2444,2294,2258,2341,2508,2549,2680,2887,3239,3169,3544,3980,4655,73100
367,787,831,1013,1150,1428,1773,2144,2505,2509,2368,2517,2286,2255,2177,2345,2455,2554,3041,2979,3117,3468,3865,4452,73300
368,728,851,964,1215,1412,1708,2224,2525,2482,2499,2477,2141,2166,2298,2413,2632,2611,2811,3063,3134,3402,3832,4591,73500
369,786,898,958,1132,1344,1676,2069,2365,2422,2382,2465,2121,2307,2174,2343,2497,2627,2672,2983,3129,3347,3894,4301,73700
370,780,831,1032,1190,1424,1657,2231,2453,2416,2448,2460,2177,2160,2210,2256,2426,2540,2776,2930,3031,3343,3993,4407,73900
371,789,866,961,1134,1394,1694,2152,2463,2397,2413,2357,2184,2008,2170,2251,2444,2501,2908,3227,3127,3343,3926,4311,74100
372,730,822,977,1148,1427,1564,2045,2374,2296,2352,2334,2104,2093,2067,2269,2442,2434,2771,2941,3007,3235,3741,4331,74300
373,721,821,913,1090,1384,1637,2076,2260,2410,2418,2377,2145,2066,2047,2233,2373,2459,2698,2870,3049,3294,3734,4107,74500
374,697,771,921,1077,1407,1578,2063,2315,2356,2348,2394,2418,2041,2032,2105,2267,2526,2696,2898,2920,3275,3747,4195,74700
375,716,803,945,1069,1358,1669,1992,2370,2411,2339,2338,2245,1983,2104,2205,2327,2436,2559,2979,3101,3339,3717,4216,74900
376,815,913,1044,1153,1481,1716,2192,2482,2488,2522,2485,2320,2200,2211,2362,2513,2693,2970,3173,3178,3637,4137,4732,75100
377,659,796,930,991,1273,1535,1942,2237,2266,2227,2268,2088,2049,2031,2039,2263,2398,2616,2798,2838,3150,3676,4106,75300
378,691,771,952,1079,1297,1546,1830,2253,2263,2115,2179,1962,1938,1999,2199,2138,2366,2505,2755,2860,3102,3648,4203,75500
379,727,793,925,1132,1257,1548,1977,2314,2299,2193,2172,1948,1921,1949,2171,2232,2317,2517,2796,2915,3033,3560,4089,75700
380,645,688,777,1040,1187,1509,1885,2130,2209,2267,2159,1876,1869,1912,2074,2186,2357,2528,2776,2956,2954,3382,3948,75900
381,637,781,867,1054,1181,1511,1948,2210,2117,2058,2159,1908,1941,1815,1999,2240,2390,2488,2646,2893,3044,3517,4053,76100
382,658,754,878,998,1240,1490,1834,2114,2162,2157,2109,1907,1808,1902,1984,2198,2209,2349,2657,2749,3069,3521,3880,76300
383,642,682,876,1019,1244,1424,1816,2212,2089,2020,2125,1936,1941,1763,2011,2017,2192,2352,2589,2770,2957,3432,3852,76500
384,630,687,884,1001,1113,1385,1781,2074,2085,2042,2116,1785,1767,1725,1872,2137,2141,2401,2531,2642,2860,3293,3807,76700
385,688,751,807,967,1153,1379,1712,2131,2138,2007,2018,1861,1851,1792,1930,2063,2174,2438,2583,2666,2944,3434,3794,76900
386,604,679,840,1023,1183,1518,1749,2158,2176,2099,2127,1822,1763,1814,1925,2063,2181,2389,2624,2754,3065,3334,3935,77100
387,618,759,817,998,1108,1327,1734,2030,1981,2050,2006,1761,1676,1758,1818,1955,2095,2268,2515,2704,2862,3290,3648,77300
388,594,725,781,930,1128,1388,1851,2096,1984,2051,1977,1753,1811,2348,2426,2468,2116,2219,2509,2643,2780,3152,3725,77500
389,573,717,803,880,1122,1364,1720,1937,2008,1949,1914,1755,1758,1842,1868,2052,2077,2203,2454,2551,2739,3238,3678,77700
390,585,676,752,885,1099,1283,1607,2077,1950,1964,2011,1774,1654,1669,1843,2003,2003,2237,2466,2497,2799,3162,3598,77900
391,733,794,940,1026,1307,1469,1872,2168,2098,2118,1976,1766,1793,1799,1938,1991,2092,2380,2600,2772,3056,3402,3870,78100
392,540,678,825,947,1087,1298,1624,1833,1964,1920,1919,1694,1661,1727,1781,1969,1959,2254,2408,2432,2710,3085,3606,78300
393,567,652,767,931,1065,1233,1616,1927,1996,1973,1889,1679,1623,1716,1827,1867,2487,2176,2344,2499,2714,3039,3461,78500
394,569,636,748,895,1082,1252,1601,1928,1988,1895,1854,1673,1588,1671,1802,1858,2033,2054,2280,2479,2665,3057,3468,78700
395,551,611,756,913,1011,1239,1602,1936,1921,1951,1857,1646,1594,1575,1681,1824,2024,2107,2277,2516,2574,3018,3537,78900
396,506,578,721,912,1053,1240,1495,1790,1948,1864,1885,1634,1610,1581,1717,1814,1941,2067,2335,2434,2694,2959,3432,79100
397,566,626,749,860,1021,1159,1516,1841,1925,1845,1859,1597,2037,1526,1730,1782,1927,2113,2276,2422,2653,3151,3370,79300
398,561,657,740,836,1046,1202,1508,1873,1831,1894,1785,1621,1604,1501,1719,1840,1860,2680,2328,2392,2610,3090,3360,79500
399,564,566,749,825,1011,1123,1445,1843,1769,1763,1718,1504,1512,1547,1685,1753,1910,2190,2258,2333,2582,2951,3292,79700
400,80226,88577,100702,115339,135219,153780,194459,228650,227029,220140,217876,192934,186738,190531,206119,219387,229437,251229,277749,291756,323219,3013,3417,79900
401,0,0,0,0,0,0,0,0,0,0,0,0,0,0,0,0,0,0,0,0,0,3332,3810,80100
402,0,0,0,0,0,0,0,0,0,0,0,0,0,0,0,0,0,0,0,0,0,3000,3216,80300
403,0,0,0,0,0,0,0,0,0,0,0,0,0,0,0,0,0,0,0,0,0,2840,3232,80500
404,0,0,0,0,0,0,0,0,0,0,0,0,0,0,0,0,0,0,0,0,0,2658,3241,80700
405,0,0,0,0,0,0,0,0,0,0,0,0,0,0,0,0,0,0,0,0,0,2739,3139,80900
406,0,0,0,0,0,0,0,0,0,0,0,0,0,0,0,0,0,0,0,0,0,2817,3290,81100
407,0,0,0,0,0,0,0,0,0,0,0,0,0,0,0,0,0,0,0,0,0,2795,3193,81300
408,0,0,0,0,0,0,0,0,0,0,0,0,0,0,0,0,0,0,0,0,0,2616,3058,81500
409,0,0,0,0,0,0,0,0,0,0,0,0,0,0,0,0,0,0,0,0,0,2698,3084,81700
410,0,0,0,0,0,0,0,0,0,0,0,0,0,0,0,0,0,0,0,0,0,2624,3116,81900
411,0,0,0,0,0,0,0,0,0,0,0,0,0,0,0,0,0,0,0,0,0,2589,2998,82100
412,0,0,0,0,0,0,0,0,0,0,0,0,0,0,0,0,0,0,0,0,0,2572,2990,82300
413,0,0,0,0,0,0,0,0,0,0,0,0,0,0,0,0,0,0,0,0,0,2684,3047,82500
414,0,0,0,0,0,0,0,0,0,0,0,0,0,0,0,0,0,0,0,0,0,2662,2878,82700
415,0,0,0,0,0,0,0,0,0,0,0,0,0,0,0,0,0,0,0,0,0,2546,2873,82900
416,0,0,0,0,0,0,0,0,0,0,0,0,0,0,0,0,0,0,0,0,0,2643,2966,83100
417,0,0,0,0,0,0,0,0,0,0,0,0,0,0,0,0,0,0,0,0,0,2538,2847,83300
418,0,0,0,0,0,0,0,0,0,0,0,0,0,0,0,0,0,0,0,0,0,2509,2888,83500
419,0,0,0,0,0,0,0,0,0,0,0,0,0,0,0,0,0,0,0,0,0,2325,2836,83700
420,0,0,0,0,0,0,0,0,0,0,0,0,0,0,0,0,0,0,0,0,0,2402,2990,83900
421,0,0,0,0,0,0,0,0,0,0,0,0,0,0,0,0,0,0,0,0,0,2632,3092,84100
422,0,0,0,0,0,0,0,0,0,0,0,0,0,0,0,0,0,0,0,0,0,2293,2768,84300
423,0,0,0,0,0,0,0,0,0,0,0,0,0,0,0,0,0,0,0,0,0,2398,2598,84500
424,0,0,0,0,0,0,0,0,0,0,0,0,0,0,0,0,0,0,0,0,0,2319,2751,84700
425,0,0,0,0,0,0,0,0,0,0,0,0,0,0,0,0,0,0,0,0,0,2380,2780,84900
426,0,0,0,0,0,0,0,0,0,0,0,0,0,0,0,0,0,0,0,0,0,2451,2962,85100
427,0,0,0,0,0,0,0,0,0,0,0,0,0,0,0,0,0,0,0,0,0,2230,2710,85300
428,0,0,0,0,0,0,0,0,0,0,0,0,0,0,0,0,0,0,0,0,0,2325,2578,85500
429,0,0,0,0,0,0,0,0,0,0,0,0,0,0,0,0,0,0,0,0,0,3119,2719,85700
430,0,0,0,0,0,0,0,0,0,0,0,0,0,0,0,0,0,0,0,0,0,2368,2494,85900
431,0,0,0,0,0,0,0,0,0,0,0,0,0,0,0,0,0,0,0,0,0,2301,2671,86100
432,0,0,0,0,0,0,0,0,0,0,0,0,0,0,0,0,0,0,0,0,0,2273,2488,86300
433,0,0,0,0,0,0,0,0,0,0,0,0,0,0,0,0,0,0,0,0,0,2178,2559,86500
434,0,0,0,0,0,0,0,0,0,0,0,0,0,0,0,0,0,0,0,0,0,2091,2422,86700
435,0,0,0,0,0,0,0,0,0,0,0,0,0,0,0,0,0,0,0,0,0,2066,2455,86900
436,0,0,0,0,0,0,0,0,0,0,0,0,0,0,0,0,0,0,0,0,0,2125,2548,87100
437,0,0,0,0,0,0,0,0,0,0,0,0,0,0,0,0,0,0,0,0,0,2013,2437,87300
438,0,0,0,0,0,0,0,0,0,0,0,0,0,0,0,0,0,0,0,0,0,1994,2350,87500
439,0,0,0,0,0,0,0,0,0,0,0,0,0,0,0,0,0,0,0,0,0,2063,2351,87700
440,0,0,0,0,0,0,0,0,0,0,0,0,0,0,0,0,0,0,0,0,0,2111,2322,87900
441,0,0,0,0,0,0,0,0,0,0,0,0,0,0,0,0,0,0,0,0,0,2082,2424,88100
442,0,0,0,0,0,0,0,0,0,0,0,0,0,0,0,0,0,0,0,0,0,2007,2351,88300
443,0,0,0,0,0,0,0,0,0,0,0,0,0,0,0,0,0,0,0,0,0,1946,2305,88500
444,0,0,0,0,0,0,0,0,0,0,0,0,0,0,0,0,0,0,0,0,0,1895,2206,88700
445,0,0,0,0,0,0,0,0,0,0,0,0,0,0,0,0,0,0,0,0,0,1950,2415,88900
446,0,0,0,0,0,0,0,0,0,0,0,0,0,0,0,0,0,0,0,0,0,1946,2284,89100
447,0,0,0,0,0,0,0,0,0,0,0,0,0,0,0,0,0,0,0,0,0,1790,2253,89300
448,0,0,0,0,0,0,0,0,0,0,0,0,0,0,0,0,0,0,0,0,0,1824,2215,89500
449,0,0,0,0,0,0,0,0,0,0,0,0,0,0,0,0,0,0,0,0,0,1791,2153,89700
450,0,0,0,0,0,0,0,0,0,0,0,0,0,0,0,0,0,0,0,0,0,1825,2261,89900
451,0,0,0,0,0,0,0,0,0,0,0,0,0,0,0,0,0,0,0,0,0,2187,2609,90100
452,0,0,0,0,0,0,0,0,0,0,0,0,0,0,0,0,0,0,0,0,0,1828,2088,90300
453,0,0,0,0,0,0,0,0,0,0,0,0,0,0,0,0,0,0,0,0,0,1823,2142,90500
454,0,0,0,0,0,0,0,0,0,0,0,0,0,0,0,0,0,0,0,0,0,1740,2835,90700
455,0,0,0,0,0,0,0,0,0,0,0,0,0,0,0,0,0,0,0,0,0,1702,2116,90900
456,0,0,0,0,0,0,0,0,0,0,0,0,0,0,0,0,0,0,0,0,0,1712,2155,91100
457,0,0,0,0,0,0,0,0,0,0,0,0,0,0,0,0,0,0,0,0,0,1772,2071,91300
458,0,0,0,0,0,0,0,0,0,0,0,0,0,0,0,0,0,0,0,0,0,1586,2066,91500
459,0,0,0,0,0,0,0,0,0,0,0,0,0,0,0,0,0,0,0,0,0,1702,2029,91700
460,0,0,0,0,0,0,0,0,0,0,0,0,0,0,0,0,0,0,0,0,0,1638,1977,91900
461,0,0,0,0,0,0,0,0,0,0,0,0,0,0,0,0,0,0,0,0,0,1638,2040,92100
462,0,0,0,0,0,0,0,0,0,0,0,0,0,0,0,0,0,0,0,0,0,1581,1997,92300
463,0,0,0,0,0,0,0,0,0,0,0,0,0,0,0,0,0,0,0,0,0,1705,2011,92500
464,0,0,0,0,0,0,0,0,0,0,0,0,0,0,0,0,0,0,0,0,0,1568,1847,92700
465,0,0,0,0,0,0,0,0,0,0,0,0,0,0,0,0,0,0,0,0,0,1614,1909,92900
466,0,0,0,0,0,0,0,0,0,0,0,0,0,0,0,0,0,0,0,0,0,1662,1991,93100
467,0,0,0,0,0,0,0,0,0,0,0,0,0,0,0,0,0,0,0,0,0,1556,1832,93300
468,0,0,0,0,0,0,0,0,0,0,0,0,0,0,0,0,0,0,0,0,0,1554,1902,93500
469,0,0,0,0,0,0,0,0,0,0,0,0,0,0,0,0,0,0,0,0,0,1505,1928,93700
470,0,0,0,0,0,0,0,0,0,0,0,0,0,0,0,0,0,0,0,0,0,1596,1766,93900
471,0,0,0,0,0,0,0,0,0,0,0,0,0,0,0,0,0,0,0,0,0,1492,1758,94100
472,0,0,0,0,0,0,0,0,0,0,0,0,0,0,0,0,0,0,0,0,0,1463,1741,94300
473,0,0,0,0,0,0,0,0,0,0,0,0,0,0,0,0,0,0,0,0,0,1470,1720,94500
474,0,0,0,0,0,0,0,0,0,0,0,0,0,0,0,0,0,0,0,0,0,1443,1716,94700
475,0,0,0,0,0,0,0,0,0,0,0,0,0,0,0,0,0,0,0,0,0,1421,1661,94900
476,0,0,0,0,0,0,0,0,0,0,0,0,0,0,0,0,0,0,0,0,0,1552,1705,95100
477,0,0,0,0,0,0,0,0,0,0,0,0,0,0,0,0,0,0,0,0,0,1406,1745,95300
478,0,0,0,0,0,0,0,0,0,0,0,0,0,0,0,0,0,0,0,0,0,1298,1586,95500
479,0,0,0,0,0,0,0,0,0,0,0,0,0,0,0,0,0,0,0,0,0,1384,1612,95700
480,0,0,0,0,0,0,0,0,0,0,0,0,0,0,0,0,0,0,0,0,0,1400,1602,95900
481,0,0,0,0,0,0,0,0,0,0,0,0,0,0,0,0,0,0,0,0,0,1522,1740,96100
482,0,0,0,0,0,0,0,0,0,0,0,0,0,0,0,0,0,0,0,0,0,1402,1564,96300
483,0,0,0,0,0,0,0,0,0,0,0,0,0,0,0,0,0,0,0,0,0,1293,1624,96500
484,0,0,0,0,0,0,0,0,0,0,0,0,0,0,0,0,0,0,0,0,0,1296,1519,96700
485,0,0,0,0,0,0,0,0,0,0,0,0,0,0,0,0,0,0,0,0,0,1414,1563,96900
486,0,0,0,0,0,0,0,0,0,0,0,0,0,0,0,0,0,0,0,0,0,1359,1600,97100
487,0,0,0,0,0,0,0,0,0,0,0,0,0,0,0,0,0,0,0,0,0,1330,1553,97300
488,0,0,0,0,0,0,0,0,0,0,0,0,0,0,0,0,0,0,0,0,0,1195,1571,97500
489,0,0,0,0,0,0,0,0,0,0,0,0,0,0,0,0,0,0,0,0,0,1268,1570,97700
490,0,0,0,0,0,0,0,0,0,0,0,0,0,0,0,0,0,0,0,0,0,1276,1511,97900
491,0,0,0,0,0,0,0,0,0,0,0,0,0,0,0,0,0,0,0,0,0,1287,1605,98100
492,0,0,0,0,0,0,0,0,0,0,0,0,0,0,0,0,0,0,0,0,0,1254,1503,98300
493,0,0,0,0,0,0,0,0,0,0,0,0,0,0,0,0,0,0,0,0,0,1229,1472,98500
494,0,0,0,0,0,0,0,0,0,0,0,0,0,0,0,0,0,0,0,0,0,1162,1439,98700
495,0,0,0,0,0,0,0,0,0,0,0,0,0,0,0,0,0,0,0,0,0,1140,1389,98900
496,0,0,0,0,0,0,0,0,0,0,0,0,0,0,0,0,0,0,0,0,0,1156,1423,99100
497,0,0,0,0,0,0,0,0,0,0,0,0,0,0,0,0,0,0,0,0,0,1179,1388,99300
498,0,0,0,0,0,0,0,0,0,0,0,0,0,0,0,0,0,0,0,0,0,1176,1369,99500
499,0,0,0,0,0,0,0,0,0,0,0,0,0,0,0,0,0,0,0,0,0,1071,1392,99700
500,0,0,0,0,0,0,0,0,0,0,0,0,0,0,0,0,0,0,0,0,0,1322,1481,99900
501,0,0,0,0,0,0,0,0,0,0,0,0,0,0,0,0,0,0,0,0,0,1415,1629,100100
502,0,0,0,0,0,0,0,0,0,0,0,0,0,0,0,0,0,0,0,0,0,1134,1344,100300
503,0,0,0,0,0,0,0,0,0,0,0,0,0,0,0,0,0,0,0,0,0,1149,1348,100500
504,0,0,0,0,0,0,0,0,0,0,0,0,0,0,0,0,0,0,0,0,0,1113,1296,100700
505,0,0,0,0,0,0,0,0,0,0,0,0,0,0,0,0,0,0,0,0,0,1124,1306,100900
506,0,0,0,0,0,0,0,0,0,0,0,0,0,0,0,0,0,0,0,0,0,1009,1299,101100
507,0,0,0,0,0,0,0,0,0,0,0,0,0,0,0,0,0,0,0,0,0,1064,1271,101300
508,0,0,0,0,0,0,0,0,0,0,0,0,0,0,0,0,0,0,0,0,0,1048,1246,101500
509,0,0,0,0,0,0,0,0,0,0,0,0,0,0,0,0,0,0,0,0,0,1001,1232,101700
510,0,0,0,0,0,0,0,0,0,0,0,0,0,0,0,0,0,0,0,0,0,1016,1365,101900
511,0,0,0,0,0,0,0,0,0,0,0,0,0,0,0,0,0,0,0,0,0,1069,1239,102100
512,0,0,0,0,0,0,0,0,0,0,0,0,0,0,0,0,0,0,0,0,0,1001,1213,102300
513,0,0,0,0,0,0,0,0,0,0,0,0,0,0,0,0,0,0,0,0,0,991,1263,102500
514,0,0,0,0,0,0,0,0,0,0,0,0,0,0,0,0,0,0,0,0,0,1003,1190,102700
515,0,0,0,0,0,0,0,0,0,0,0,0,0,0,0,0,0,0,0,0,0,1026,1175,102900
516,0,0,0,0,0,0,0,0,0,0,0,0,0,0,0,0,0,0,0,0,0,982,1236,103100
517,0,0,0,0,0,0,0,0,0,0,0,0,0,0,0,0,0,0,0,0,0,956,1220,103300
518,0,0,0,0,0,0,0,0,0,0,0,0,0,0,0,0,0,0,0,0,0,993,1164,103500
519,0,0,0,0,0,0,0,0,0,0,0,0,0,0,0,0,0,0,0,0,0,974,1167,103700
520,0,0,0,0,0,0,0,0,0,0,0,0,0,0,0,0,0,0,0,0,0,983,1112,103900
521,0,0,0,0,0,0,0,0,0,0,0,0,0,0,0,0,0,0,0,0,0,976,1157,104100
522,0,0,0,0,0,0,0,0,0,0,0,0,0,0,0,0,0,0,0,0,0,890,1118,104300
523,0,0,0,0,0,0,0,0,0,0,0,0,0,0,0,0,0,0,0,0,0,934,1163,104500
524,0,0,0,0,0,0,0,0,0,0,0,0,0,0,0,0,0,0,0,0,0,923,1037,104700
525,0,0,0,0,0,0,0,0,0,0,0,0,0,0,0,0,0,0,0,0,0,951,1094,104900
526,0,0,0,0,0,0,0,0,0,0,0,0,0,0,0,0,0,0,0,0,0,1020,1165,105100
527,0,0,0,0,0,0,0,0,0,0,0,0,0,0,0,0,0,0,0,0,0,815,1093,105300
528,0,0,0,0,0,0,0,0,0,0,0,0,0,0,0,0,0,0,0,0,0,891,1073,105500
529,0,0,0,0,0,0,0,0,0,0,0,0,0,0,0,0,0,0,0,0,0,849,1072,105700
530,0,0,0,0,0,0,0,0,0,0,0,0,0,0,0,0,0,0,0,0,0,904,1019,105900
531,0,0,0,0,0,0,0,0,0,0,0,0,0,0,0,0,0,0,0,0,0,881,978,106100
532,0,0,0,0,0,0,0,0,0,0,0,0,0,0,0,0,0,0,0,0,0,856,1023,106300
533,0,0,0,0,0,0,0,0,0,0,0,0,0,0,0,0,0,0,0,0,0,824,970,106500
534,0,0,0,0,0,0,0,0,0,0,0,0,0,0,0,0,0,0,0,0,0,889,942,106700
535,0,0,0,0,0,0,0,0,0,0,0,0,0,0,0,0,0,0,0,0,0,816,1011,106900
536,0,0,0,0,0,0,0,0,0,0,0,0,0,0,0,0,0,0,0,0,0,812,1049,107100
537,0,0,0,0,0,0,0,0,0,0,0,0,0,0,0,0,0,0,0,0,0,813,962,107300
538,0,0,0,0,0,0,0,0,0,0,0,0,0,0,0,0,0,0,0,0,0,796,1009,107500
539,0,0,0,0,0,0,0,0,0,0,0,0,0,0,0,0,0,0,0,0,0,837,966,107700
540,0,0,0,0,0,0,0,0,0,0,0,0,0,0,0,0,0,0,0,0,0,811,991,107900
541,0,0,0,0,0,0,0,0,0,0,0,0,0,0,0,0,0,0,0,0,0,922,1036,108100
542,0,0,0,0,0,0,0,0,0,0,0,0,0,0,0,0,0,0,0,0,0,754,940,108300
543,0,0,0,0,0,0,0,0,0,0,0,0,0,0,0,0,0,0,0,0,0,812,904,108500
544,0,0,0,0,0,0,0,0,0,0,0,0,0,0,0,0,0,0,0,0,0,785,968,108700
545,0,0,0,0,0,0,0,0,0,0,0,0,0,0,0,0,0,0,0,0,0,750,865,108900
546,0,0,0,0,0,0,0,0,0,0,0,0,0,0,0,0,0,0,0,0,0,758,918,109100
547,0,0,0,0,0,0,0,0,0,0,0,0,0,0,0,0,0,0,0,0,0,760,932,109300
548,0,0,0,0,0,0,0,0,0,0,0,0,0,0,0,0,0,0,0,0,0,725,908,109500
549,0,0,0,0,0,0,0,0,0,0,0,0,0,0,0,0,0,0,0,0,0,735,848,109700
550,0,0,0,0,0,0,0,0,0,0,0,0,0,0,0,0,0,0,0,0,0,817,959,109900
551,0,0,0,0,0,0,0,0,0,0,0,0,0,0,0,0,0,0,0,0,0,831,971,110100
552,0,0,0,0,0,0,0,0,0,0,0,0,0,0,0,0,0,0,0,0,0,744,826,110300
553,0,0,0,0,0,0,0,0,0,0,0,0,0,0,0,0,0,0,0,0,0,708,848,110500
554,0,0,0,0,0,0,0,0,0,0,0,0,0,0,0,0,0,0,0,0,0,738,896,110700
555,0,0,0,0,0,0,0,0,0,0,0,0,0,0,0,0,0,0,0,0,0,740,898,110900
556,0,0,0,0,0,0,0,0,0,0,0,0,0,0,0,0,0,0,0,0,0,699,873,111100
557,0,0,0,0,0,0,0,0,0,0,0,0,0,0,0,0,0,0,0,0,0,660,871,111300
558,0,0,0,0,0,0,0,0,0,0,0,0,0,0,0,0,0,0,0,0,0,713,841,111500
559,0,0,0,0,0,0,0,0,0,0,0,0,0,0,0,0,0,0,0,0,0,701,780,111700
560,0,0,0,0,0,0,0,0,0,0,0,0,0,0,0,0,0,0,0,0,0,712,785,111900
561,0,0,0,0,0,0,0,0,0,0,0,0,0,0,0,0,0,0,0,0,0,741,857,112100
562,0,0,0,0,0,0,0,0,0,0,0,0,0,0,0,0,0,0,0,0,0,663,816,112300
563,0,0,0,0,0,0,0,0,0,0,0,0,0,0,0,0,0,0,0,0,0,681,810,112500
564,0,0,0,0,0,0,0,0,0,0,0,0,0,0,0,0,0,0,0,0,0,664,769,112700
565,0,0,0,0,0,0,0,0,0,0,0,0,0,0,0,0,0,0,0,0,0,669,794,112900
566,0,0,0,0,0,0,0,0,0,0,0,0,0,0,0,0,0,0,0,0,0,635,761,113100
567,0,0,0,0,0,0,0,0,0,0,0,0,0,0,0,0,0,0,0,0,0,621,713,113300
568,0,0,0,0,0,0,0,0,0,0,0,0,0,0,0,0,0,0,0,0,0,671,751,113500
569,0,0,0,0,0,0,0,0,0,0,0,0,0,0,0,0,0,0,0,0,0,655,748,113700
570,0,0,0,0,0,0,0,0,0,0,0,0,0,0,0,0,0,0,0,0,0,615,735,113900
571,0,0,0,0,0,0,0,0,0,0,0,0,0,0,0,0,0,0,0,0,0,646,759,114100
572,0,0,0,0,0,0,0,0,0,0,0,0,0,0,0,0,0,0,0,0,0,624,741,114300
573,0,0,0,0,0,0,0,0,0,0,0,0,0,0,0,0,0,0,0,0,0,627,752,114500
574,0,0,0,0,0,0,0,0,0,0,0,0,0,0,0,0,0,0,0,0,0,566,682,114700
575,0,0,0,0,0,0,0,0,0,0,0,0,0,0,0,0,0,0,0,0,0,596,772,114900
576,0,0,0,0,0,0,0,0,0,0,0,0,0,0,0,0,0,0,0,0,0,627,786,115100
577,0,0,0,0,0,0,0,0,0,0,0,0,0,0,0,0,0,0,0,0,0,618,691,115300
578,0,0,0,0,0,0,0,0,0,0,0,0,0,0,0,0,0,0,0,0,0,597,712,115500
579,0,0,0,0,0,0,0,0,0,0,0,0,0,0,0,0,0,0,0,0,0,583,663,115700
580,0,0,0,0,0,0,0,0,0,0,0,0,0,0,0,0,0,0,0,0,0,611,700,115900
581,0,0,0,0,0,0,0,0,0,0,0,0,0,0,0,0,0,0,0,0,0,583,660,116100
582,0,0,0,0,0,0,0,0,0,0,0,0,0,0,0,0,0,0,0,0,0,556,681,116300
583,0,0,0,0,0,0,0,0,0,0,0,0,0,0,0,0,0,0,0,0,0,565,657,116500
584,0,0,0,0,0,0,0,0,0,0,0,0,0,0,0,0,0,0,0,0,0,574,698,116700
585,0,0,0,0,0,0,0,0,0,0,0,0,0,0,0,0,0,0,0,0,0,565,642,116900
586,0,0,0,0,0,0,0,0,0,0,0,0,0,0,0,0,0,0,0,0,0,516,662,117100
587,0,0,0,0,0,0,0,0,0,0,0,0,0,0,0,0,0,0,0,0,0,525,620,117300
588,0,0,0,0,0,0,0,0,0,0,0,0,0,0,0,0,0,0,0,0,0,565,660,117500
589,0,0,0,0,0,0,0,0,0,0,0,0,0,0,0,0,0,0,0,0,0,557,663,117700
590,0,0,0,0,0,0,0,0,0,0,0,0,0,0,0,0,0,0,0,0,0,536,655,117900
591,0,0,0,0,0,0,0,0,0,0,0,0,0,0,0,0,0,0,0,0,0,546,637,118100
592,0,0,0,0,0,0,0,0,0,0,0,0,0,0,0,0,0,0,0,0,0,534,634,118300
593,0,0,0,0,0,0,0,0,0,0,0,0,0,0,0,0,0,0,0,0,0,507,567,118500
594,0,0,0,0,0,0,0,0,0,0,0,0,0,0,0,0,0,0,0,0,0,499,612,118700
595,0,0,0,0,0,0,0,0,0,0,0,0,0,0,0,0,0,0,0,0,0,505,626,118900
596,0,0,0,0,0,0,0,0,0,0,0,0,0,0,0,0,0,0,0,0,0,551,636,119100
597,0,0,0,0,0,0,0,0,0,0,0,0,0,0,0,0,0,0,0,0,0,529,562,119300
598,0,0,0,0,0,0,0,0,0,0,0,0,0,0,0,0,0,0,0,0,0,468,612,119500
599,0,0,0,0,0,0,0,0,0,0,0,0,0,0,0,0,0,0,0,0,0,518,599,119700
600,0,0,0,0,0,0,0,0,0,0,0,0,0,0,0,0,0,0,0,0,0,513,635,119900
601,0,0,0,0,0,0,0,0,0,0,0,0,0,0,0,0,0,0,0,0,0,801,961,120100
602,0,0,0,0,0,0,0,0,0,0,0,0,0,0,0,0,0,0,0,0,0,542,568,120300
603,0,0,0,0,0,0,0,0,0,0,0,0,0,0,0,0,0,0,0,0,0,478,552,120500
604,0,0,0,0,0,0,0,0,0,0,0,0,0,0,0,0,0,0,0,0,0,491,591,120700
605,0,0,0,0,0,0,0,0,0,0,0,0,0,0,0,0,0,0,0,0,0,474,538,120900
606,0,0,0,0,0,0,0,0,0,0,0,0,0,0,0,0,0,0,0,0,0,488,591,121100
607,0,0,0,0,0,0,0,0,0,0,0,0,0,0,0,0,0,0,0,0,0,474,590,121300
608,0,0,0,0,0,0,0,0,0,0,0,0,0,0,0,0,0,0,0,0,0,477,550,121500
609,0,0,0,0,0,0,0,0,0,0,0,0,0,0,0,0,0,0,0,0,0,473,579,121700
610,0,0,0,0,0,0,0,0,0,0,0,0,0,0,0,0,0,0,0,0,0,451,556,121900
611,0,0,0,0,0,0,0,0,0,0,0,0,0,0,0,0,0,0,0,0,0,502,585,122100
612,0,0,0,0,0,0,0,0,0,0,0,0,0,0,0,0,0,0,0,0,0,456,552,122300
613,0,0,0,0,0,0,0,0,0,0,0,0,0,0,0,0,0,0,0,0,0,438,507,122500
614,0,0,0,0,0,0,0,0,0,0,0,0,0,0,0,0,0,0,0,0,0,429,545,122700
615,0,0,0,0,0,0,0,0,0,0,0,0,0,0,0,0,0,0,0,0,0,426,578,122900
616,0,0,0,0,0,0,0,0,0,0,0,0,0,0,0,0,0,0,0,0,0,489,515,123100
617,0,0,0,0,0,0,0,0,0,0,0,0,0,0,0,0,0,0,0,0,0,441,510,123300
618,0,0,0,0,0,0,0,0,0,0,0,0,0,0,0,0,0,0,0,0,0,433,555,123500
619,0,0,0,0,0,0,0,0,0,0,0,0,0,0,0,0,0,0,0,0,0,448,514,123700
620,0,0,0,0,0,0,0,0,0,0,0,0,0,0,0,0,0,0,0,0,0,456,498,123900
621,0,0,0,0,0,0,0,0,0,0,0,0,0,0,0,0,0,0,0,0,0,441,541,124100
622,0,0,0,0,0,0,0,0,0,0,0,0,0,0,0,0,0,0,0,0,0,428,503,124300
623,0,0,0,0,0,0,0,0,0,0,0,0,0,0,0,0,0,0,0,0,0,426,499,124500
624,0,0,0,0,0,0,0,0,0,0,0,0,0,0,0,0,0,0,0,0,0,415,489,124700
625,0,0,0,0,0,0,0,0,0,0,0,0,0,0,0,0,0,0,0,0,0,442,517,124900
626,0,0,0,0,0,0,0,0,0,0,0,0,0,0,0,0,0,0,0,0,0,491,565,125100
627,0,0,0,0,0,0,0,0,0,0,0,0,0,0,0,0,0,0,0,0,0,398,482,125300
628,0,0,0,0,0,0,0,0,0,0,0,0,0,0,0,0,0,0,0,0,0,424,493,125500
629,0,0,0,0,0,0,0,0,0,0,0,0,0,0,0,0,0,0,0,0,0,404,454,125700
630,0,0,0,0,0,0,0,0,0,0,0,0,0,0,0,0,0,0,0,0,0,402,480,125900
631,0,0,0,0,0,0,0,0,0,0,0,0,0,0,0,0,0,0,0,0,0,447,500,126100
632,0,0,0,0,0,0,0,0,0,0,0,0,0,0,0,0,0,0,0,0,0,399,496,126300
633,0,0,0,0,0,0,0,0,0,0,0,0,0,0,0,0,0,0,0,0,0,338,461,126500
634,0,0,0,0,0,0,0,0,0,0,0,0,0,0,0,0,0,0,0,0,0,424,452,126700
635,0,0,0,0,0,0,0,0,0,0,0,0,0,0,0,0,0,0,0,0,0,398,392,126900
636,0,0,0,0,0,0,0,0,0,0,0,0,0,0,0,0,0,0,0,0,0,361,470,127100
637,0,0,0,0,0,0,0,0,0,0,0,0,0,0,0,0,0,0,0,0,0,375,466,127300
638,0,0,0,0,0,0,0,0,0,0,0,0,0,0,0,0,0,0,0,0,0,389,448,127500
639,0,0,0,0,0,0,0,0,0,0,0,0,0,0,0,0,0,0,0,0,0,406,418,127700
640,0,0,0,0,0,0,0,0,0,0,0,0,0,0,0,0,0,0,0,0,0,359,441,127900
641,0,0,0,0,0,0,0,0,0,0,0,0,0,0,0,0,0,0,0,0,0,371,450,128100
642,0,0,0,0,0,0,0,0,0,0,0,0,0,0,0,0,0,0,0,0,0,390,409,128300
643,0,0,0,0,0,0,0,0,0,0,0,0,0,0,0,0,0,0,0,0,0,379,461,128500
644,0,0,0,0,0,0,0,0,0,0,0,0,0,0,0,0,0,0,0,0,0,347,467,128700
645,0,0,0,0,0,0,0,0,0,0,0,0,0,0,0,0,0,0,0,0,0,410,437,128900
646,0,0,0,0,0,0,0,0,0,0,0,0,0,0,0,0,0,0,0,0,0,367,430,129100
647,0,0,0,0,0,0,0,0,0,0,0,0,0,0,0,0,0,0,0,0,0,353,417,129300
648,0,0,0,0,0,0,0,0,0,0,0,0,0,0,0,0,0,0,0,0,0,363,435,129500
649,0,0,0,0,0,0,0,0,0,0,0,0,0,0,0,0,0,0,0,0,0,346,461,129700
650,0,0,0,0,0,0,0,0,0,0,0,0,0,0,0,0,0,0,0,0,0,393,422,129900
651,0,0,0,0,0,0,0,0,0,0,0,0,0,0,0,0,0,0,0,0,0,390,467,130100
652,0,0,0,0,0,0,0,0,0,0,0,0,0,0,0,0,0,0,0,0,0,356,388,130300
653,0,0,0,0,0,0,0,0,0,0,0,0,0,0,0,0,0,0,0,0,0,348,405,130500
654,0,0,0,0,0,0,0,0,0,0,0,0,0,0,0,0,0,0,0,0,0,337,401,130700
655,0,0,0,0,0,0,0,0,0,0,0,0,0,0,0,0,0,0,0,0,0,359,419,130900
656,0,0,0,0,0,0,0,0,0,0,0,0,0,0,0,0,0,0,0,0,0,355,399,131100
657,0,0,0,0,0,0,0,0,0,0,0,0,0,0,0,0,0,0,0,0,0,327,396,131300
658,0,0,0,0,0,0,0,0,0,0,0,0,0,0,0,0,0,0,0,0,0,345,399,131500
659,0,0,0,0,0,0,0,0,0,0,0,0,0,0,0,0,0,0,0,0,0,319,428,131700
660,0,0,0,0,0,0,0,0,0,0,0,0,0,0,0,0,0,0,0,0,0,362,383,131900
661,0,0,0,0,0,0,0,0,0,0,0,0,0,0,0,0,0,0,0,0,0,362,431,132100
662,0,0,0,0,0,0,0,0,0,0,0,0,0,0,0,0,0,0,0,0,0,334,364,132300
663,0,0,0,0,0,0,0,0,0,0,0,0,0,0,0,0,0,0,0,0,0,359,373,132500
664,0,0,0,0,0,0,0,0,0,0,0,0,0,0,0,0,0,0,0,0,0,345,411,132700
665,0,0,0,0,0,0,0,0,0,0,0,0,0,0,0,0,0,0,0,0,0,343,389,132900
666,0,0,0,0,0,0,0,0,0,0,0,0,0,0,0,0,0,0,0,0,0,287,420,133100
667,0,0,0,0,0,0,0,0,0,0,0,0,0,0,0,0,0,0,0,0,0,337,353,133300
668,0,0,0,0,0,0,0,0,0,0,0,0,0,0,0,0,0,0,0,0,0,268,386,133500
669,0,0,0,0,0,0,0,0,0,0,0,0,0,0,0,0,0,0,0,0,0,303,376,133700
670,0,0,0,0,0,0,0,0,0,0,0,0,0,0,0,0,0,0,0,0,0,278,432,133900
671,0,0,0,0,0,0,0,0,0,0,0,0,0,0,0,0,0,0,0,0,0,287,434,134100
672,0,0,0,0,0,0,0,0,0,0,0,0,0,0,0,0,0,0,0,0,0,281,355,134300
673,0,0,0,0,0,0,0,0,0,0,0,0,0,0,0,0,0,0,0,0,0,283,371,134500
674,0,0,0,0,0,0,0,0,0,0,0,0,0,0,0,0,0,0,0,0,0,309,332,134700
675,0,0,0,0,0,0,0,0,0,0,0,0,0,0,0,0,0,0,0,0,0,283,377,134900
676,0,0,0,0,0,0,0,0,0,0,0,0,0,0,0,0,0,0,0,0,0,356,417,135100
677,0,0,0,0,0,0,0,0,0,0,0,0,0,0,0,0,0,0,0,0,0,315,358,135300
678,0,0,0,0,0,0,0,0,0,0,0,0,0,0,0,0,0,0,0,0,0,292,380,135500
679,0,0,0,0,0,0,0,0,0,0,0,0,0,0,0,0,0,0,0,0,0,248,343,135700
680,0,0,0,0,0,0,0,0,0,0,0,0,0,0,0,0,0,0,0,0,0,280,356,135900
681,0,0,0,0,0,0,0,0,0,0,0,0,0,0,0,0,0,0,0,0,0,303,358,136100
682,0,0,0,0,0,0,0,0,0,0,0,0,0,0,0,0,0,0,0,0,0,326,336,136300
683,0,0,0,0,0,0,0,0,0,0,0,0,0,0,0,0,0,0,0,0,0,277,324,136500
684,0,0,0,0,0,0,0,0,0,0,0,0,0,0,0,0,0,0,0,0,0,285,346,136700
685,0,0,0,0,0,0,0,0,0,0,0,0,0,0,0,0,0,0,0,0,0,284,352,136900
686,0,0,0,0,0,0,0,0,0,0,0,0,0,0,0,0,0,0,0,0,0,276,308,137100
687,0,0,0,0,0,0,0,0,0,0,0,0,0,0,0,0,0,0,0,0,0,280,311,137300
688,0,0,0,0,0,0,0,0,0,0,0,0,0,0,0,0,0,0,0,0,0,271,335,137500
689,0,0,0,0,0,0,0,0,0,0,0,0,0,0,0,0,0,0,0,0,0,261,320,137700
690,0,0,0,0,0,0,0,0,0,0,0,0,0,0,0,0,0,0,0,0,0,268,315,137900
691,0,0,0,0,0,0,0,0,0,0,0,0,0,0,0,0,0,0,0,0,0,292,340,138100
692,0,0,0,0,0,0,0,0,0,0,0,0,0,0,0,0,0,0,0,0,0,265,297,138300
693,0,0,0,0,0,0,0,0,0,0,0,0,0,0,0,0,0,0,0,0,0,271,349,138500
694,0,0,0,0,0,0,0,0,0,0,0,0,0,0,0,0,0,0,0,0,0,269,313,138700
695,0,0,0,0,0,0,0,0,0,0,0,0,0,0,0,0,0,0,0,0,0,264,338,138900
696,0,0,0,0,0,0,0,0,0,0,0,0,0,0,0,0,0,0,0,0,0,282,330,139100
697,0,0,0,0,0,0,0,0,0,0,0,0,0,0,0,0,0,0,0,0,0,250,285,139300
698,0,0,0,0,0,0,0,0,0,0,0,0,0,0,0,0,0,0,0,0,0,264,323,139500
699,0,0,0,0,0,0,0,0,0,0,0,0,0,0,0,0,0,0,0,0,0,249,278,139700
700,0,0,0,0,0,0,0,0,0,0,0,0,0,0,0,0,0,0,0,0,0,287,300,139900
701,0,0,0,0,0,0,0,0,0,0,0,0,0,0,0,0,0,0,0,0,0,357,381,140100
702,0,0,0,0,0,0,0,0,0,0,0,0,0,0,0,0,0,0,0,0,0,262,296,140300
703,0,0,0,0,0,0,0,0,0,0,0,0,0,0,0,0,0,0,0,0,0,242,301,140500
704,0,0,0,0,0,0,0,0,0,0,0,0,0,0,0,0,0,0,0,0,0,267,266,140700
705,0,0,0,0,0,0,0,0,0,0,0,0,0,0,0,0,0,0,0,0,0,226,267,140900
706,0,0,0,0,0,0,0,0,0,0,0,0,0,0,0,0,0,0,0,0,0,244,310,141100
707,0,0,0,0,0,0,0,0,0,0,0,0,0,0,0,0,0,0,0,0,0,233,276,141300
708,0,0,0,0,0,0,0,0,0,0,0,0,0,0,0,0,0,0,0,0,0,248,276,141500
709,0,0,0,0,0,0,0,0,0,0,0,0,0,0,0,0,0,0,0,0,0,256,293,141700
710,0,0,0,0,0,0,0,0,0,0,0,0,0,0,0,0,0,0,0,0,0,230,297,141900
711,0,0,0,0,0,0,0,0,0,0,0,0,0,0,0,0,0,0,0,0,0,243,265,142100
712,0,0,0,0,0,0,0,0,0,0,0,0,0,0,0,0,0,0,0,0,0,211,259,142300
713,0,0,0,0,0,0,0,0,0,0,0,0,0,0,0,0,0,0,0,0,0,221,307,142500
714,0,0,0,0,0,0,0,0,0,0,0,0,0,0,0,0,0,0,0,0,0,212,301,142700
715,0,0,0,0,0,0,0,0,0,0,0,0,0,0,0,0,0,0,0,0,0,249,262,142900
716,0,0,0,0,0,0,0,0,0,0,0,0,0,0,0,0,0,0,0,0,0,234,296,143100
717,0,0,0,0,0,0,0,0,0,0,0,0,0,0,0,0,0,0,0,0,0,236,273,143300
718,0,0,0,0,0,0,0,0,0,0,0,0,0,0,0,0,0,0,0,0,0,257,270,143500
719,0,0,0,0,0,0,0,0,0,0,0,0,0,0,0,0,0,0,0,0,0,227,242,143700
720,0,0,0,0,0,0,0,0,0,0,0,0,0,0,0,0,0,0,0,0,0,203,250,143900
721,0,0,0,0,0,0,0,0,0,0,0,0,0,0,0,0,0,0,0,0,0,283,285,144100
722,0,0,0,0,0,0,0,0,0,0,0,0,0,0,0,0,0,0,0,0,0,207,259,144300
723,0,0,0,0,0,0,0,0,0,0,0,0,0,0,0,0,0,0,0,0,0,238,245,144500
724,0,0,0,0,0,0,0,0,0,0,0,0,0,0,0,0,0,0,0,0,0,230,267,144700
725,0,0,0,0,0,0,0,0,0,0,0,0,0,0,0,0,0,0,0,0,0,231,281,144900
726,0,0,0,0,0,0,0,0,0,0,0,0,0,0,0,0,0,0,0,0,0,253,264,145100
727,0,0,0,0,0,0,0,0,0,0,0,0,0,0,0,0,0,0,0,0,0,245,325,145300
728,0,0,0,0,0,0,0,0,0,0,0,0,0,0,0,0,0,0,0,0,0,234,239,145500
729,0,0,0,0,0,0,0,0,0,0,0,0,0,0,0,0,0,0,0,0,0,237,250,145700
730,0,0,0,0,0,0,0,0,0,0,0,0,0,0,0,0,0,0,0,0,0,224,242,145900
731,0,0,0,0,0,0,0,0,0,0,0,0,0,0,0,0,0,0,0,0,0,224,263,146100
732,0,0,0,0,0,0,0,0,0,0,0,0,0,0,0,0,0,0,0,0,0,218,276,146300
733,0,0,0,0,0,0,0,0,0,0,0,0,0,0,0,0,0,0,0,0,0,211,205,146500
734,0,0,0,0,0,0,0,0,0,0,0,0,0,0,0,0,0,0,0,0,0,238,253,146700
735,0,0,0,0,0,0,0,0,0,0,0,0,0,0,0,0,0,0,0,0,0,211,222,146900
736,0,0,0,0,0,0,0,0,0,0,0,0,0,0,0,0,0,0,0,0,0,231,229,147100
737,0,0,0,0,0,0,0,0,0,0,0,0,0,0,0,0,0,0,0,0,0,247,236,147300
738,0,0,0,0,0,0,0,0,0,0,0,0,0,0,0,0,0,0,0,0,0,209,243,147500
739,0,0,0,0,0,0,0,0,0,0,0,0,0,0,0,0,0,0,0,0,0,205,233,147700
740,0,0,0,0,0,0,0,0,0,0,0,0,0,0,0,0,0,0,0,0,0,203,242,147900
741,0,0,0,0,0,0,0,0,0,0,0,0,0,0,0,0,0,0,0,0,0,216,224,148100
742,0,0,0,0,0,0,0,0,0,0,0,0,0,0,0,0,0,0,0,0,0,217,248,148300
743,0,0,0,0,0,0,0,0,0,0,0,0,0,0,0,0,0,0,0,0,0,213,233,148500
744,0,0,0,0,0,0,0,0,0,0,0,0,0,0,0,0,0,0,0,0,0,219,225,148700
745,0,0,0,0,0,0,0,0,0,0,0,0,0,0,0,0,0,0,0,0,0,206,221,148900
746,0,0,0,0,0,0,0,0,0,0,0,0,0,0,0,0,0,0,0,0,0,189,236,149100
747,0,0,0,0,0,0,0,0,0,0,0,0,0,0,0,0,0,0,0,0,0,192,226,149300
748,0,0,0,0,0,0,0,0,0,0,0,0,0,0,0,0,0,0,0,0,0,228,246,149500
749,0,0,0,0,0,0,0,0,0,0,0,0,0,0,0,0,0,0,0,0,0,196,235,149700
750,0,0,0,0,0,0,0,0,0,0,0,0,0,0,0,0,0,0,0,0,0,209,262,149900
751,0,0,0,0,0,0,0,0,0,0,0,0,0,0,0,0,0,0,0,0,0,357,389,150100
752,0,0,0,0,0,0,0,0,0,0,0,0,0,0,0,0,0,0,0,0,0,222,233,150300
753,0,0,0,0,0,0,0,0,0,0,0,0,0,0,0,0,0,0,0,0,0,203,224,150500
754,0,0,0,0,0,0,0,0,0,0,0,0,0,0,0,0,0,0,0,0,0,208,242,150700
755,0,0,0,0,0,0,0,0,0,0,0,0,0,0,0,0,0,0,0,0,0,192,236,150900
756,0,0,0,0,0,0,0,0,0,0,0,0,0,0,0,0,0,0,0,0,0,200,233,151100
757,0,0,0,0,0,0,0,0,0,0,0,0,0,0,0,0,0,0,0,0,0,185,220,151300
758,0,0,0,0,0,0,0,0,0,0,0,0,0,0,0,0,0,0,0,0,0,185,239,151500
759,0,0,0,0,0,0,0,0,0,0,0,0,0,0,0,0,0,0,0,0,0,173,206,151700
760,0,0,0,0,0,0,0,0,0,0,0,0,0,0,0,0,0,0,0,0,0,207,225,151900
761,0,0,0,0,0,0,0,0,0,0,0,0,0,0,0,0,0,0,0,0,0,192,204,152100
762,0,0,0,0,0,0,0,0,0,0,0,0,0,0,0,0,0,0,0,0,0,187,216,152300
763,0,0,0,0,0,0,0,0,0,0,0,0,0,0,0,0,0,0,0,0,0,188,236,152500
764,0,0,0,0,0,0,0,0,0,0,0,0,0,0,0,0,0,0,0,0,0,191,218,152700
765,0,0,0,0,0,0,0,0,0,0,0,0,0,0,0,0,0,0,0,0,0,168,230,152900
766,0,0,0,0,0,0,0,0,0,0,0,0,0,0,0,0,0,0,0,0,0,184,226,153100
767,0,0,0,0,0,0,0,0,0,0,0,0,0,0,0,0,0,0,0,0,0,149,213,153300
768,0,0,0,0,0,0,0,0,0,0,0,0,0,0,0,0,0,0,0,0,0,202,222,153500
769,0,0,0,0,0,0,0,0,0,0,0,0,0,0,0,0,0,0,0,0,0,174,178,153700
770,0,0,0,0,0,0,0,0,0,0,0,0,0,0,0,0,0,0,0,0,0,185,211,153900
771,0,0,0,0,0,0,0,0,0,0,0,0,0,0,0,0,0,0,0,0,0,190,226,154100
772,0,0,0,0,0,0,0,0,0,0,0,0,0,0,0,0,0,0,0,0,0,172,223,154300
773,0,0,0,0,0,0,0,0,0,0,0,0,0,0,0,0,0,0,0,0,0,193,232,154500
774,0,0,0,0,0,0,0,0,0,0,0,0,0,0,0,0,0,0,0,0,0,180,207,154700
775,0,0,0,0,0,0,0,0,0,0,0,0,0,0,0,0,0,0,0,0,0,191,198,154900
776,0,0,0,0,0,0,0,0,0,0,0,0,0,0,0,0,0,0,0,0,0,185,208,155100
777,0,0,0,0,0,0,0,0,0,0,0,0,0,0,0,0,0,0,0,0,0,188,218,155300
778,0,0,0,0,0,0,0,0,0,0,0,0,0,0,0,0,0,0,0,0,0,165,185,155500
779,0,0,0,0,0,0,0,0,0,0,0,0,0,0,0,0,0,0,0,0,0,193,195,155700
780,0,0,0,0,0,0,0,0,0,0,0,0,0,0,0,0,0,0,0,0,0,145,210,155900
781,0,0,0,0,0,0,0,0,0,0,0,0,0,0,0,0,0,0,0,0,0,173,225,156100
782,0,0,0,0,0,0,0,0,0,0,0,0,0,0,0,0,0,0,0,0,0,168,179,156300
783,0,0,0,0,0,0,0,0,0,0,0,0,0,0,0,0,0,0,0,0,0,148,198,156500
784,0,0,0,0,0,0,0,0,0,0,0,0,0,0,0,0,0,0,0,0,0,172,190,156700
785,0,0,0,0,0,0,0,0,0,0,0,0,0,0,0,0,0,0,0,0,0,158,201,156900
786,0,0,0,0,0,0,0,0,0,0,0,0,0,0,0,0,0,0,0,0,0,152,203,157100
787,0,0,0,0,0,0,0,0,0,0,0,0,0,0,0,0,0,0,0,0,0,139,181,157300
788,0,0,0,0,0,0,0,0,0,0,0,0,0,0,0,0,0,0,0,0,0,179,206,157500
789,0,0,0,0,0,0,0,0,0,0,0,0,0,0,0,0,0,0,0,0,0,164,208,157700
790,0,0,0,0,0,0,0,0,0,0,0,0,0,0,0,0,0,0,0,0,0,166,201,157900
791,0,0,0,0,0,0,0,0,0,0,0,0,0,0,0,0,0,0,0,0,0,171,190,158100
792,0,0,0,0,0,0,0,0,0,0,0,0,0,0,0,0,0,0,0,0,0,137,189,158300
793,0,0,0,0,0,0,0,0,0,0,0,0,0,0,0,0,0,0,0,0,0,155,220,158500
794,0,0,0,0,0,0,0,0,0,0,0,0,0,0,0,0,0,0,0,0,0,157,225,158700
795,0,0,0,0,0,0,0,0,0,0,0,0,0,0,0,0,0,0,0,0,0,158,180,158900
796,0,0,0,0,0,0,0,0,0,0,0,0,0,0,0,0,0,0,0,0,0,164,189,159100
797,0,0,0,0,0,0,0,0,0,0,0,0,0,0,0,0,0,0,0,0,0,160,175,159300
798,0,0,0,0,0,0,0,0,0,0,0,0,0,0,0,0,0,0,0,0,0,176,180,159500
799,0,0,0,0,0,0,0,0,0,0,0,0,0,0,0,0,0,0,0,0,0,177,164,159700
800,0,0,0,0,0,0,0,0,0,0,0,0,0,0,0,0,0,0,0,0,0,192,189,159900
801,0,0,0,0,0,0,0,0,0,0,0,0,0,0,0,0,0,0,0,0,0,203,220,160100
802,0,0,0,0,0,0,0,0,0,0,0,0,0,0,0,0,0,0,0,0,0,156,176,160300
803,0,0,0,0,0,0,0,0,0,0,0,0,0,0,0,0,0,0,0,0,0,178,179,160500
804,0,0,0,0,0,0,0,0,0,0,0,0,0,0,0,0,0,0,0,0,0,151,188,160700
805,0,0,0,0,0,0,0,0,0,0,0,0,0,0,0,0,0,0,0,0,0,162,167,160900
806,0,0,0,0,0,0,0,0,0,0,0,0,0,0,0,0,0,0,0,0,0,158,166,161100
807,0,0,0,0,0,0,0,0,0,0,0,0,0,0,0,0,0,0,0,0,0,165,184,161300
808,0,0,0,0,0,0,0,0,0,0,0,0,0,0,0,0,0,0,0,0,0,145,179,161500
809,0,0,0,0,0,0,0,0,0,0,0,0,0,0,0,0,0,0,0,0,0,124,163,161700
810,0,0,0,0,0,0,0,0,0,0,0,0,0,0,0,0,0,0,0,0,0,165,162,161900
811,0,0,0,0,0,0,0,0,0,0,0,0,0,0,0,0,0,0,0,0,0,141,177,162100
812,0,0,0,0,0,0,0,0,0,0,0,0,0,0,0,0,0,0,0,0,0,132,162,162300
813,0,0,0,0,0,0,0,0,0,0,0,0,0,0,0,0,0,0,0,0,0,148,149,162500
814,0,0,0,0,0,0,0,0,0,0,0,0,0,0,0,0,0,0,0,0,0,161,178,162700
815,0,0,0,0,0,0,0,0,0,0,0,0,0,0,0,0,0,0,0,0,0,153,171,162900
816,0,0,0,0,0,0,0,0,0,0,0,0,0,0,0,0,0,0,0,0,0,143,181,163100
817,0,0,0,0,0,0,0,0,0,0,0,0,0,0,0,0,0,0,0,0,0,138,160,163300
818,0,0,0,0,0,0,0,0,0,0,0,0,0,0,0,0,0,0,0,0,0,141,167,163500
819,0,0,0,0,0,0,0,0,0,0,0,0,0,0,0,0,0,0,0,0,0,133,138,163700
820,0,0,0,0,0,0,0,0,0,0,0,0,0,0,0,0,0,0,0,0,0,134,187,163900
821,0,0,0,0,0,0,0,0,0,0,0,0,0,0,0,0,0,0,0,0,0,153,170,164100
822,0,0,0,0,0,0,0,0,0,0,0,0,0,0,0,0,0,0,0,0,0,127,174,164300
823,0,0,0,0,0,0,0,0,0,0,0,0,0,0,0,0,0,0,0,0,0,119,158,164500
824,0,0,0,0,0,0,0,0,0,0,0,0,0,0,0,0,0,0,0,0,0,125,133,164700
825,0,0,0,0,0,0,0,0,0,0,0,0,0,0,0,0,0,0,0,0,0,136,164,164900
826,0,0,0,0,0,0,0,0,0,0,0,0,0,0,0,0,0,0,0,0,0,164,198,165100
827,0,0,0,0,0,0,0,0,0,0,0,0,0,0,0,0,0,0,0,0,0,145,156,165300
828,0,0,0,0,0,0,0,0,0,0,0,0,0,0,0,0,0,0,0,0,0,135,163,165500
829,0,0,0,0,0,0,0,0,0,0,0,0,0,0,0,0,0,0,0,0,0,118,153,165700
830,0,0,0,0,0,0,0,0,0,0,0,0,0,0,0,0,0,0,0,0,0,154,157,165900
831,0,0,0,0,0,0,0,0,0,0,0,0,0,0,0,0,0,0,0,0,0,158,174,166100
832,0,0,0,0,0,0,0,0,0,0,0,0,0,0,0,0,0,0,0,0,0,147,124,166300
833,0,0,0,0,0,0,0,0,0,0,0,0,0,0,0,0,0,0,0,0,0,140,171,166500
834,0,0,0,0,0,0,0,0,0,0,0,0,0,0,0,0,0,0,0,0,0,149,135,166700
835,0,0,0,0,0,0,0,0,0,0,0,0,0,0,0,0,0,0,0,0,0,131,160,166900
836,0,0,0,0,0,0,0,0,0,0,0,0,0,0,0,0,0,0,0,0,0,137,146,167100
837,0,0,0,0,0,0,0,0,0,0,0,0,0,0,0,0,0,0,0,0,0,145,116,167300
838,0,0,0,0,0,0,0,0,0,0,0,0,0,0,0,0,0,0,0,0,0,121,162,167500
839,0,0,0,0,0,0,0,0,0,0,0,0,0,0,0,0,0,0,0,0,0,109,159,167700
840,0,0,0,0,0,0,0,0,0,0,0,0,0,0,0,0,0,0,0,0,0,125,136,167900
841,0,0,0,0,0,0,0,0,0,0,0,0,0,0,0,0,0,0,0,0,0,147,152,168100
842,0,0,0,0,0,0,0,0,0,0,0,0,0,0,0,0,0,0,0,0,0,110,135,168300
843,0,0,0,0,0,0,0,0,0,0,0,0,0,0,0,0,0,0,0,0,0,131,140,168500
844,0,0,0,0,0,0,0,0,0,0,0,0,0,0,0,0,0,0,0,0,0,114,140,168700
845,0,0,0,0,0,0,0,0,0,0,0,0,0,0,0,0,0,0,0,0,0,142,163,168900
846,0,0,0,0,0,0,0,0,0,0,0,0,0,0,0,0,0,0,0,0,0,139,138,169100
847,0,0,0,0,0,0,0,0,0,0,0,0,0,0,0,0,0,0,0,0,0,128,127,169300
848,0,0,0,0,0,0,0,0,0,0,0,0,0,0,0,0,0,0,0,0,0,137,151,169500
849,0,0,0,0,0,0,0,0,0,0,0,0,0,0,0,0,0,0,0,0,0,107,139,169700
850,0,0,0,0,0,0,0,0,0,0,0,0,0,0,0,0,0,0,0,0,0,145,136,169900
851,0,0,0,0,0,0,0,0,0,0,0,0,0,0,0,0,0,0,0,0,0,155,174,170100
852,0,0,0,0,0,0,0,0,0,0,0,0,0,0,0,0,0,0,0,0,0,114,154,170300
853,0,0,0,0,0,0,0,0,0,0,0,0,0,0,0,0,0,0,0,0,0,133,152,170500
854,0,0,0,0,0,0,0,0,0,0,0,0,0,0,0,0,0,0,0,0,0,120,142,170700
855,0,0,0,0,0,0,0,0,0,0,0,0,0,0,0,0,0,0,0,0,0,129,155,170900
856,0,0,0,0,0,0,0,0,0,0,0,0,0,0,0,0,0,0,0,0,0,123,141,171100
857,0,0,0,0,0,0,0,0,0,0,0,0,0,0,0,0,0,0,0,0,0,145,132,171300
858,0,0,0,0,0,0,0,0,0,0,0,0,0,0,0,0,0,0,0,0,0,123,166,171500
859,0,0,0,0,0,0,0,0,0,0,0,0,0,0,0,0,0,0,0,0,0,104,135,171700
860,0,0,0,0,0,0,0,0,0,0,0,0,0,0,0,0,0,0,0,0,0,132,129,171900
861,0,0,0,0,0,0,0,0,0,0,0,0,0,0,0,0,0,0,0,0,0,118,134,172100
862,0,0,0,0,0,0,0,0,0,0,0,0,0,0,0,0,0,0,0,0,0,109,143,172300
863,0,0,0,0,0,0,0,0,0,0,0,0,0,0,0,0,0,0,0,0,0,125,142,172500
864,0,0,0,0,0,0,0,0,0,0,0,0,0,0,0,0,0,0,0,0,0,127,132,172700
865,0,0,0,0,0,0,0,0,0,0,0,0,0,0,0,0,0,0,0,0,0,128,123,172900
866,0,0,0,0,0,0,0,0,0,0,0,0,0,0,0,0,0,0,0,0,0,107,120,173100
867,0,0,0,0,0,0,0,0,0,0,0,0,0,0,0,0,0,0,0,0,0,127,133,173300
868,0,0,0,0,0,0,0,0,0,0,0,0,0,0,0,0,0,0,0,0,0,123,132,173500
869,0,0,0,0,0,0,0,0,0,0,0,0,0,0,0,0,0,0,0,0,0,114,139,173700
870,0,0,0,0,0,0,0,0,0,0,0,0,0,0,0,0,0,0,0,0,0,91,139,173900
871,0,0,0,0,0,0,0,0,0,0,0,0,0,0,0,0,0,0,0,0,0,128,131,174100
872,0,0,0,0,0,0,0,0,0,0,0,0,0,0,0,0,0,0,0,0,0,99,132,174300
873,0,0,0,0,0,0,0,0,0,0,0,0,0,0,0,0,0,0,0,0,0,125,138,174500
874,0,0,0,0,0,0,0,0,0,0,0,0,0,0,0,0,0,0,0,0,0,199,112,174700
875,0,0,0,0,0,0,0,0,0,0,0,0,0,0,0,0,0,0,0,0,0,141,129,174900
876,0,0,0,0,0,0,0,0,0,0,0,0,0,0,0,0,0,0,0,0,0,147,162,175100
877,0,0,0,0,0,0,0,0,0,0,0,0,0,0,0,0,0,0,0,0,0,114,139,175300
878,0,0,0,0,0,0,0,0,0,0,0,0,0,0,0,0,0,0,0,0,0,119,117,175500
879,0,0,0,0,0,0,0,0,0,0,0,0,0,0,0,0,0,0,0,0,0,112,124,175700
880,0,0,0,0,0,0,0,0,0,0,0,0,0,0,0,0,0,0,0,0,0,107,134,175900
881,0,0,0,0,0,0,0,0,0,0,0,0,0,0,0,0,0,0,0,0,0,113,123,176100
882,0,0,0,0,0,0,0,0,0,0,0,0,0,0,0,0,0,0,0,0,0,120,137,176300
883,0,0,0,0,0,0,0,0,0,0,0,0,0,0,0,0,0,0,0,0,0,105,125,176500
884,0,0,0,0,0,0,0,0,0,0,0,0,0,0,0,0,0,0,0,0,0,118,109,176700
885,0,0,0,0,0,0,0,0,0,0,0,0,0,0,0,0,0,0,0,0,0,96,120,176900
886,0,0,0,0,0,0,0,0,0,0,0,0,0,0,0,0,0,0,0,0,0,130,116,177100
887,0,0,0,0,0,0,0,0,0,0,0,0,0,0,0,0,0,0,0,0,0,117,103,177300
888,0,0,0,0,0,0,0,0,0,0,0,0,0,0,0,0,0,0,0,0,0,123,108,177500
889,0,0,0,0,0,0,0,0,0,0,0,0,0,0,0,0,0,0,0,0,0,104,133,177700
890,0,0,0,0,0,0,0,0,0,0,0,0,0,0,0,0,0,0,0,0,0,128,128,177900
891,0,0,0,0,0,0,0,0,0,0,0,0,0,0,0,0,0,0,0,0,0,108,115,178100
892,0,0,0,0,0,0,0,0,0,0,0,0,0,0,0,0,0,0,0,0,0,97,125,178300
893,0,0,0,0,0,0,0,0,0,0,0,0,0,0,0,0,0,0,0,0,0,111,114,178500
894,0,0,0,0,0,0,0,0,0,0,0,0,0,0,0,0,0,0,0,0,0,110,106,178700
895,0,0,0,0,0,0,0,0,0,0,0,0,0,0,0,0,0,0,0,0,0,90,101,178900
896,0,0,0,0,0,0,0,0,0,0,0,0,0,0,0,0,0,0,0,0,0,102,110,179100
897,0,0,0,0,0,0,0,0,0,0,0,0,0,0,0,0,0,0,0,0,0,106,131,179300
898,0,0,0,0,0,0,0,0,0,0,0,0,0,0,0,0,0,0,0,0,0,98,113,179500
899,0,0,0,0,0,0,0,0,0,0,0,0,0,0,0,0,0,0,0,0,0,107,137,179700
900,0,0,0,0,0,0,0,0,0,0,0,0,0,0,0,0,0,0,0,0,0,107,135,179900
901,0,0,0,0,0,0,0,0,0,0,0,0,0,0,0,0,0,0,0,0,0,172,196,180100
902,0,0,0,0,0,0,0,0,0,0,0,0,0,0,0,0,0,0,0,0,0,120,118,180300
903,0,0,0,0,0,0,0,0,0,0,0,0,0,0,0,0,0,0,0,0,0,101,129,180500
904,0,0,0,0,0,0,0,0,0,0,0,0,0,0,0,0,0,0,0,0,0,101,121,180700
905,0,0,0,0,0,0,0,0,0,0,0,0,0,0,0,0,0,0,0,0,0,98,128,180900
906,0,0,0,0,0,0,0,0,0,0,0,0,0,0,0,0,0,0,0,0,0,88,113,181100
907,0,0,0,0,0,0,0,0,0,0,0,0,0,0,0,0,0,0,0,0,0,94,147,181300
908,0,0,0,0,0,0,0,0,0,0,0,0,0,0,0,0,0,0,0,0,0,120,108,181500
909,0,0,0,0,0,0,0,0,0,0,0,0,0,0,0,0,0,0,0,0,0,90,118,181700
910,0,0,0,0,0,0,0,0,0,0,0,0,0,0,0,0,0,0,0,0,0,98,106,181900
911,0,0,0,0,0,0,0,0,0,0,0,0,0,0,0,0,0,0,0,0,0,94,101,182100
912,0,0,0,0,0,0,0,0,0,0,0,0,0,0,0,0,0,0,0,0,0,95,105,182300
913,0,0,0,0,0,0,0,0,0,0,0,0,0,0,0,0,0,0,0,0,0,112,120,182500
914,0,0,0,0,0,0,0,0,0,0,0,0,0,0,0,0,0,0,0,0,0,91,116,182700
915,0,0,0,0,0,0,0,0,0,0,0,0,0,0,0,0,0,0,0,0,0,119,96,182900
916,0,0,0,0,0,0,0,0,0,0,0,0,0,0,0,0,0,0,0,0,0,103,100,183100
917,0,0,0,0,0,0,0,0,0,0,0,0,0,0,0,0,0,0,0,0,0,89,119,183300
918,0,0,0,0,0,0,0,0,0,0,0,0,0,0,0,0,0,0,0,0,0,99,94,183500
919,0,0,0,0,0,0,0,0,0,0,0,0,0,0,0,0,0,0,0,0,0,97,98,183700
920,0,0,0,0,0,0,0,0,0,0,0,0,0,0,0,0,0,0,0,0,0,88,115,183900
921,0,0,0,0,0,0,0,0,0,0,0,0,0,0,0,0,0,0,0,0,0,106,111,184100
922,0,0,0,0,0,0,0,0,0,0,0,0,0,0,0,0,0,0,0,0,0,107,120,184300
923,0,0,0,0,0,0,0,0,0,0,0,0,0,0,0,0,0,0,0,0,0,91,162,184500
924,0,0,0,0,0,0,0,0,0,0,0,0,0,0,0,0,0,0,0,0,0,102,129,184700
925,0,0,0,0,0,0,0,0,0,0,0,0,0,0,0,0,0,0,0,0,0,90,119,184900
926,0,0,0,0,0,0,0,0,0,0,0,0,0,0,0,0,0,0,0,0,0,110,153,185100
927,0,0,0,0,0,0,0,0,0,0,0,0,0,0,0,0,0,0,0,0,0,101,106,185300
928,0,0,0,0,0,0,0,0,0,0,0,0,0,0,0,0,0,0,0,0,0,90,104,185500
929,0,0,0,0,0,0,0,0,0,0,0,0,0,0,0,0,0,0,0,0,0,86,98,185700
930,0,0,0,0,0,0,0,0,0,0,0,0,0,0,0,0,0,0,0,0,0,91,97,185900
931,0,0,0,0,0,0,0,0,0,0,0,0,0,0,0,0,0,0,0,0,0,102,94,186100
932,0,0,0,0,0,0,0,0,0,0,0,0,0,0,0,0,0,0,0,0,0,83,109,186300
933,0,0,0,0,0,0,0,0,0,0,0,0,0,0,0,0,0,0,0,0,0,106,106,186500
934,0,0,0,0,0,0,0,0,0,0,0,0,0,0,0,0,0,0,0,0,0,104,92,186700
935,0,0,0,0,0,0,0,0,0,0,0,0,0,0,0,0,0,0,0,0,0,89,96,186900
936,0,0,0,0,0,0,0,0,0,0,0,0,0,0,0,0,0,0,0,0,0,98,114,187100
937,0,0,0,0,0,0,0,0,0,0,0,0,0,0,0,0,0,0,0,0,0,105,99,187300
938,0,0,0,0,0,0,0,0,0,0,0,0,0,0,0,0,0,0,0,0,0,92,125,187500
939,0,0,0,0,0,0,0,0,0,0,0,0,0,0,0,0,0,0,0,0,0,98,86,187700
940,0,0,0,0,0,0,0,0,0,0,0,0,0,0,0,0,0,0,0,0,0,107,95,187900
941,0,0,0,0,0,0,0,0,0,0,0,0,0,0,0,0,0,0,0,0,0,91,95,188100
942,0,0,0,0,0,0,0,0,0,0,0,0,0,0,0,0,0,0,0,0,0,80,114,188300
943,0,0,0,0,0,0,0,0,0,0,0,0,0,0,0,0,0,0,0,0,0,87,108,188500
944,0,0,0,0,0,0,0,0,0,0,0,0,0,0,0,0,0,0,0,0,0,100,85,188700
945,0,0,0,0,0,0,0,0,0,0,0,0,0,0,0,0,0,0,0,0,0,84,88,188900
946,0,0,0,0,0,0,0,0,0,0,0,0,0,0,0,0,0,0,0,0,0,87,105,189100
947,0,0,0,0,0,0,0,0,0,0,0,0,0,0,0,0,0,0,0,0,0,94,110,189300
948,0,0,0,0,0,0,0,0,0,0,0,0,0,0,0,0,0,0,0,0,0,77,125,189500
949,0,0,0,0,0,0,0,0,0,0,0,0,0,0,0,0,0,0,0,0,0,94,99,189700
950,0,0,0,0,0,0,0,0,0,0,0,0,0,0,0,0,0,0,0,0,0,83,97,189900
951,0,0,0,0,0,0,0,0,0,0,0,0,0,0,0,0,0,0,0,0,0,112,109,190100
952,0,0,0,0,0,0,0,0,0,0,0,0,0,0,0,0,0,0,0,0,0,94,109,190300
953,0,0,0,0,0,0,0,0,0,0,0,0,0,0,0,0,0,0,0,0,0,88,89,190500
954,0,0,0,0,0,0,0,0,0,0,0,0,0,0,0,0,0,0,0,0,0,94,80,190700
955,0,0,0,0,0,0,0,0,0,0,0,0,0,0,0,0,0,0,0,0,0,89,101,190900
956,0,0,0,0,0,0,0,0,0,0,0,0,0,0,0,0,0,0,0,0,0,77,92,191100
957,0,0,0,0,0,0,0,0,0,0,0,0,0,0,0,0,0,0,0,0,0,102,80,191300
958,0,0,0,0,0,0,0,0,0,0,0,0,0,0,0,0,0,0,0,0,0,81,100,191500
959,0,0,0,0,0,0,0,0,0,0,0,0,0,0,0,0,0,0,0,0,0,89,95,191700
960,0,0,0,0,0,0,0,0,0,0,0,0,0,0,0,0,0,0,0,0,0,86,102,191900
961,0,0,0,0,0,0,0,0,0,0,0,0,0,0,0,0,0,0,0,0,0,89,105,192100
962,0,0,0,0,0,0,0,0,0,0,0,0,0,0,0,0,0,0,0,0,0,93,101,192300
963,0,0,0,0,0,0,0,0,0,0,0,0,0,0,0,0,0,0,0,0,0,81,119,192500
964,0,0,0,0,0,0,0,0,0,0,0,0,0,0,0,0,0,0,0,0,0,94,111,192700
965,0,0,0,0,0,0,0,0,0,0,0,0,0,0,0,0,0,0,0,0,0,68,99,192900
966,0,0,0,0,0,0,0,0,0,0,0,0,0,0,0,0,0,0,0,0,0,80,97,193100
967,0,0,0,0,0,0,0,0,0,0,0,0,0,0,0,0,0,0,0,0,0,83,94,193300
968,0,0,0,0,0,0,0,0,0,0,0,0,0,0,0,0,0,0,0,0,0,77,103,193500
969,0,0,0,0,0,0,0,0,0,0,0,0,0,0,0,0,0,0,0,0,0,97,92,193700
970,0,0,0,0,0,0,0,0,0,0,0,0,0,0,0,0,0,0,0,0,0,86,86,193900
971,0,0,0,0,0,0,0,0,0,0,0,0,0,0,0,0,0,0,0,0,0,82,87,194100
972,0,0,0,0,0,0,0,0,0,0,0,0,0,0,0,0,0,0,0,0,0,67,90,194300
973,0,0,0,0,0,0,0,0,0,0,0,0,0,0,0,0,0,0,0,0,0,83,80,194500
974,0,0,0,0,0,0,0,0,0,0,0,0,0,0,0,0,0,0,0,0,0,84,82,194700
975,0,0,0,0,0,0,0,0,0,0,0,0,0,0,0,0,0,0,0,0,0,77,93,194900
976,0,0,0,0,0,0,0,0,0,0,0,0,0,0,0,0,0,0,0,0,0,100,105,195100
977,0,0,0,0,0,0,0,0,0,0,0,0,0,0,0,0,0,0,0,0,0,83,83,195300
978,0,0,0,0,0,0,0,0,0,0,0,0,0,0,0,0,0,0,0,0,0,87,81,195500
979,0,0,0,0,0,0,0,0,0,0,0,0,0,0,0,0,0,0,0,0,0,86,78,195700
980,0,0,0,0,0,0,0,0,0,0,0,0,0,0,0,0,0,0,0,0,0,83,95,195900
981,0,0,0,0,0,0,0,0,0,0,0,0,0,0,0,0,0,0,0,0,0,70,86,196100
982,0,0,0,0,0,0,0,0,0,0,0,0,0,0,0,0,0,0,0,0,0,74,95,196300
983,0,0,0,0,0,0,0,0,0,0,0,0,0,0,0,0,0,0,0,0,0,64,87,196500
984,0,0,0,0,0,0,0,0,0,0,0,0,0,0,0,0,0,0,0,0,0,75,83,196700
985,0,0,0,0,0,0,0,0,0,0,0,0,0,0,0,0,0,0,0,0,0,76,78,196900
986,0,0,0,0,0,0,0,0,0,0,0,0,0,0,0,0,0,0,0,0,0,76,111,197100
987,0,0,0,0,0,0,0,0,0,0,0,0,0,0,0,0,0,0,0,0,0,68,80,197300
988,0,0,0,0,0,0,0,0,0,0,0,0,0,0,0,0,0,0,0,0,0,76,85,197500
989,0,0,0,0,0,0,0,0,0,0,0,0,0,0,0,0,0,0,0,0,0,67,80,197700
990,0,0,0,0,0,0,0,0,0,0,0,0,0,0,0,0,0,0,0,0,0,74,80,197900
991,0,0,0,0,0,0,0,0,0,0,0,0,0,0,0,0,0,0,0,0,0,79,105,198100
992,0,0,0,0,0,0,0,0,0,0,0,0,0,0,0,0,0,0,0,0,0,56,70,198300
993,0,0,0,0,0,0,0,0,0,0,0,0,0,0,0,0,0,0,0,0,0,77,86,198500
994,0,0,0,0,0,0,0,0,0,0,0,0,0,0,0,0,0,0,0,0,0,69,80,198700
995,0,0,0,0,0,0,0,0,0,0,0,0,0,0,0,0,0,0,0,0,0,69,82,198900
996,0,0,0,0,0,0,0,0,0,0,0,0,0,0,0,0,0,0,0,0,0,70,81,199100
997,0,0,0,0,0,0,0,0,0,0,0,0,0,0,0,0,0,0,0,0,0,76,78,199300
998,0,0,0,0,0,0,0,0,0,0,0,0,0,0,0,0,0,0,0,0,0,73,92,199500
999,0,0,0,0,0,0,0,0,0,0,0,0,0,0,0,0,0,0,0,0,0,67,90,199700
1000,0,0,0,0,0,0,0,0,0,0,0,0,0,0,0,0,0,0,0,0,0,31911,36481,199900
